State and County FIPS Code,Actual Per Capita Costs
2013,6096.02
2016,13278.86
2020,8527.95
2050,10697.06
2060,9954.49
2068,5375.49
2070,11966.11
2090,7637.77
2100,7760.6
2105,6701.81
2110,7517.35
2122,8390.71
2130,10092.6
2150,10858.32
2164,12155.85
2170,8358.6
2180,13842.02
2185,15681.19
2188,12700.63
2195,8945.95
2198,7715.87
2220,12017.1
2230,7635.99
2240,7562.89
2999,*
2261,9073.93
2270,11561.42
2275,13107.07
2282,10471.99
2290,7020.95
,8677.32
1001,7916.6
1003,7835.91
1005,8912.21
1007,9208.53
1009,8297.81
1011,8789.91
1013,9077.47
1015,9063.17
1017,7409.47
1019,8974.5
1021,8955.73
1023,10232.16
1025,8372.83
1027,8218.4
1029,9049.21
1031,7851.54
1033,8706.86
1035,8857.69
1037,8701.82
1039,8794.29
1041,8594.77
1043,8560.55
1045,8372.48
1047,9200.98
1049,7950.45
1051,8143.89
1053,9795.38
1055,9744.71
1057,8692.43
1059,8882.27
1061,8032.23
1063,9344.48
1065,8436.16
1067,8405.1
1069,8363.48
1071,8887.8
1073,9034.43
1075,8393.15
1077,7942.13
1079,8298.06
1081,7416.12
1083,8903.64
1085,9079.65
1087,7592.67
1089,9009.73
1091,8666.46
1093,8552.06
1095,8722.44
1097,8872.09
1099,8112.26
1101,8558.6
1103,8464.54
1105,8844.52
1107,8467.79
1109,8839.65
1111,8571.12
1113,9045.37
1117,8414.87
1115,8878.08
1119,8920.84
1121,8871.74
1123,8543.29
1125,9284.81
1999,*
1127,9035.99
1129,8004.88
1131,7934.61
1133,9171.31
,8300.6
5001,7989.83
5003,9256.27
5005,7376.26
5007,8366.01
5009,7261.43
5011,9716.56
5013,8271.92
5015,7085.04
5017,9495.26
5019,7276.52
5021,8623.55
5023,7154.66
5025,8174.63
5027,8618.27
5029,7935.53
5031,8308.35
5033,8287.55
5035,9131.41
5037,8433.46
5039,8524.44
5041,10623.88
5043,9779.03
5045,7998.26
5047,8324.21
5049,7803.71
5051,8368.33
5053,8319.4
5055,8179.26
5057,8702.71
5059,8409.65
5061,8763.16
5063,8740.93
5065,7781.51
5067,9674.48
5069,8212.39
5071,7176.44
5073,9143.34
5075,8540.16
5077,8538.92
5079,8529.18
5081,10445.83
5083,8481.76
5085,8377.49
5087,6778.6
5089,6984.24
5091,8958.09
5093,8724.44
5095,9164.06
5097,7328.89
5099,7744.35
5101,6212.14
5103,8000.5
5105,7381.73
5107,8455.98
5109,7857.03
5111,9115.4
5113,7752.96
5115,7798.45
5117,8270.49
5119,8548.24
5121,7869.45
5125,8452.15
5127,7752.08
5129,7293.79
5131,8446.27
5133,9251.21
5135,8516.88
5123,8523.07
5137,8159.69
5999,*
5139,7897.44
5141,7701.81
5143,7880.74
5145,8434.72
5147,9612.34
5149,9237.63
,8911.07
4001,9773.37
4003,8077.15
4005,9144.73
4007,9150.93
4009,7329.94
4011,6255.24
4012,9440.34
4013,9324.92
4015,8633.79
4017,9206.65
4019,8104.89
4021,9184.19
4023,6257.71
4999,*
4025,7872.69
4027,9382.06
,10821.82
6001,11237.14
6003,7127.67
6005,9017.57
6007,9496.35
6009,8667.91
6011,9525.93
6013,10715.94
6015,8258.11
6017,9199.49
6019,10321.5
6021,9403.12
6023,7790.17
6025,10315.4
6027,10464.37
6029,11055.87
6031,9682.18
6033,10179.49
6035,8500.95
6037,13853.95
6039,8572
6041,9717.72
6043,9129.88
6045,8205.94
6047,10083.53
6049,7462.16
6051,9360.81
6053,9360.05
6055,9857.64
6057,7974.44
6059,11264.81
6061,9051.09
6063,8289.11
6065,10832.95
6067,10077.59
6069,9893.42
6071,11520.7
6073,10298.26
6075,10445.47
6077,10012.66
6079,7986.48
6081,9568.78
6083,8653.25
6085,10297.31
6087,8984.46
6089,9178.94
6091,8611.6
6093,7743.85
6095,9417.56
6097,9537.96
6099,10253.01
6101,9150.24
6103,8186.46
6105,8001.53
6107,9185.05
6109,9259.1
6999,*
6111,10500.66
6113,8316.35
6115,9280.4
,8286.35
8001,9810.12
8003,6903.13
8005,9490.26
8007,6989.06
8009,9974.98
8011,7677.27
8013,7916.26
8014,8434.07
8015,7321.77
8017,8803.62
8019,6431.48
8021,8323.23
8023,5434.87
8025,7940.73
8027,5784.13
8029,6276.44
8031,9473.87
8033,7474.06
8035,8832.87
8037,7180.12
8041,7865.42
8039,7624.12
8043,7525.9
8045,7823.96
8047,7611.97
8049,8223.75
8051,6670.14
8053,4845.52
8055,6288.51
8057,7907.7
8059,8769.59
8061,11128.75
8063,10017.61
8067,7013.04
8065,8259.48
8069,7605.1
8071,8175.61
8073,10572.79
8075,8693.34
8077,6776.06
8079,5677.53
8081,9388.24
8083,6758.12
8085,6787.61
8087,8966.97
8089,7943.72
8091,5011.71
8093,6222.35
8095,12963.78
8097,8780.72
8099,9061.1
8101,8337.91
8103,10481.67
8105,8188.24
8107,7128.64
8109,5669.81
8111,3934.5
8113,6267.18
8115,8029.51
8117,6040.8
8119,7126.11
8999,*
8121,9170.39
8123,8627.12
8125,10691.67
,11315.89
9001,11502.52
9003,11051.86
9005,10184.01
9007,10637.07
9009,12344.93
9011,10787.91
9013,10288.8
9999,*
9015,10758.81
,11639.7
11001,11639.7
,10104.68
10001,10259.88
10003,10250.4
10005,9810.94
10999,*
,10996.39
12001,10571.11
12003,11599.24
12005,10323.87
12007,10519.05
12009,9993.89
12011,13299.25
12013,10037.47
12015,9909.82
12017,9625.62
12019,10645.11
12021,9390.54
12023,10874.55
12027,10510.82
12029,9955.81
12031,11838.72
12033,9434.62
12035,9135.52
12037,9109.4
12039,9471.95
12041,10160.1
12043,11545.1
12045,9852.98
12047,9797.73
12049,11148.11
12051,11134.99
12053,10686.46
12055,10998.57
12057,11559.6
12059,9327.93
12061,9508.34
12063,9045.54
12065,10229.03
12067,11208.72
12069,10170.92
12071,9741.7
12073,9298.23
12075,10102.38
12077,9553.53
12079,9199.48
12081,9965
12083,9999.68
12085,10065.9
12086,16360.46
12087,9174.81
12089,9576.27
12091,9143.13
12093,12283.68
12095,11438.45
12097,10957.62
12099,12269.63
12101,10693.35
12103,11674.14
12105,10406.35
12107,10810.18
12113,9100.13
12115,9381.4
12117,11071.18
12109,9683.75
12111,10819.42
12119,8968.59
12121,9659.94
12123,8954.46
12999,*
12125,11085.12
12127,9771.09
12129,9549.74
12131,8762.67
12133,8980.83
,9190.46
13001,8930.01
13003,8809.02
13005,11086.9
13007,9868.26
13009,9604.31
13011,8397.29
13013,9311.37
13015,9885.09
13017,8483.05
13019,8704.52
13021,10702.8
13023,9407.74
13025,9032
13027,9598.84
13029,8415.77
13031,9861.73
13033,9221.01
13035,8403.05
13037,9752.78
13039,9241.53
13043,9927.65
13045,8910.68
13047,9237.67
13049,10408.85
13051,9370.45
13053,10350.15
13055,8640.38
13057,8848.37
13059,8684.18
13061,7975.55
13063,10294.38
13065,12218
13067,9156.49
13069,10278.43
13071,10338
13073,8143.5
13075,8924
13077,8534.55
13079,9769.23
13081,8826.59
13083,9406.59
13085,8554.09
13089,9640.58
13087,7593.49
13091,9907.27
13093,8928.12
13095,9197.34
13097,9787.98
13099,9461.77
13101,8418.26
13103,8524.68
13105,7793.67
13107,9545.6
13109,8967.55
13111,8293.9
13113,8152.65
13115,9617.67
13117,9163.47
13119,8771.12
13121,10154.7
13123,8298.7
13125,9538.96
13127,8875.48
13129,8887.89
13131,8238.17
13133,8295.44
13135,9012.48
13137,8141.88
13139,8818.19
13141,9349.01
13143,8900.87
13145,7780.36
13147,8791.64
13149,9174.63
13151,8560.35
13153,9801.72
13155,8502.98
13157,8640.18
13159,8556.03
13161,9498.37
13163,9569.32
13165,10062.36
13167,8848.85
13169,8965.52
13171,9357.44
13173,11470.71
13175,9247.27
13177,8070.47
13179,9161.35
13181,8325.68
13183,10110.72
13185,8765.75
13187,8673.22
13193,9263.28
13195,8367.37
13197,7782.47
13189,9800.78
13191,8791.31
13199,9644.9
13201,10597.44
13205,9853.23
13207,9740.83
13209,8901.78
13211,7974.74
13213,8594.41
13215,9483.13
13217,9404.95
13219,7955.11
13221,9106.32
13223,9296.93
13225,9938.88
13227,8233.88
13229,8274.59
13231,8752.09
13233,9784.9
13235,9355.99
13237,8751.56
13239,8029.33
13241,8346.8
13243,8201.2
13245,8836.48
13247,9695.88
13249,8943.5
13251,9090.61
13253,8964.82
13255,9059.07
13257,9104.04
13259,8409.12
13261,8247.32
13263,9194.54
13265,8607.35
13267,9276.42
13269,9323.99
13271,10471.92
13273,8550.88
13275,8893.03
13277,9186.06
13279,9093.28
13281,7207.51
13283,9886.68
13285,9018.6
13287,10259.27
13289,10161.43
13999,*
13291,7321.41
13293,8375.99
13295,9134.46
13297,9579.15
13299,9195.26
13301,9610.6
13303,8868.98
13305,10609.36
13307,7024.97
13309,10704.21
13311,8671.06
13313,8094.34
13315,11022.85
13317,9651.16
13319,9765.82
13321,8507.74
,7279.2
15001,6743.47
15003,7474.71
15007,6621.12
15009,7339.93
15999,*
,8056.53
19001,7937.92
19003,9068.21
19005,6898.4
19007,8603.71
19009,9586.08
19011,7869.33
19013,8804.56
19015,7845.37
19017,9201.78
19019,9068.83
19021,8155.07
19023,8698.42
19025,8980.99
19027,6897.19
19029,9298.79
19031,7096.52
19033,7653.66
19035,7556.4
19037,9212.2
19039,9861.33
19041,7382.36
19043,7612.68
19045,8814.97
19047,7392.41
19049,7420.52
19051,8759.55
19053,7558.81
19055,8298.39
19057,7563.81
19059,6790.44
19061,7225.54
19063,8932.06
19065,9647.83
19067,8072.84
19069,8725.38
19071,11162.24
19073,8299.61
19075,8629.3
19077,8900.63
19079,9257.09
19081,9565.8
19083,8648.39
19085,8768.5
19087,7175.96
19089,7744.25
19091,7587.56
19093,9040.63
19095,8514.63
19097,7614.32
19099,6540.36
19101,7680.32
19103,7244.67
19105,8664.06
19107,9041.72
19109,7598.77
19111,7264.43
19113,7867.64
19115,7185.73
19117,8621.91
19119,8355.38
19121,7497.58
19123,7430.69
19125,8139.72
19127,7385.25
19129,7588.49
19131,7731.29
19133,8714.78
19135,7510.56
19137,9316.09
19139,8361.44
19141,8642.59
19143,7625.29
19145,9764.32
19147,8299.3
19149,8113.01
19151,7895.6
19153,7462.18
19155,8155.35
19157,7321.2
19159,9552.53
19161,9130.63
19163,8799.85
19165,9368.56
19167,8482.8
19169,7336.11
19171,8386.12
19173,9479.26
19999,*
19175,7145.38
19177,9206.82
19179,8315.27
19181,7375.31
19183,8446.9
19185,8553.53
19187,7470.88
19189,7893.71
19191,7436.19
19193,8406.71
19195,7596.41
19197,10880.66
,7871.14
16001,7762.1
16003,6787.15
16005,8982.74
16007,8021.99
16009,7468.1
16011,8207.9
16013,7630.96
16015,7266.79
16017,6601.81
16019,8521.67
16021,6566
16023,8872.67
16025,5650.64
16027,8047.2
16029,8504.14
16031,7660.23
16033,3772.63
16035,8339.42
16037,6518.26
16039,7273.92
16041,8133.2
16043,7687.27
16045,7459.89
16047,9204.02
16049,7124.94
16051,8124.15
16053,9699.83
16055,7601.65
16057,7475.08
16059,6559.04
16061,8231.21
16063,6992.74
16065,6651.12
16067,6858.79
16069,8152.29
16071,9165.69
16073,7241.1
16075,7459.53
16077,7797.6
16079,8001.67
16081,9168.23
16083,8547.77
16999,*
16085,8208.86
16087,7264.44
,10111.5
17001,9127.33
17003,7952.58
17005,9227.11
17007,8661.82
17009,8322.12
17011,8344.38
17013,7787.71
17015,8081.75
17017,8107.92
17019,8634.4
17021,8459.69
17023,8382.3
17025,9292.81
17027,8552.88
17029,9602.01
17031,11721.15
17033,8453.66
17035,9360.99
17037,9038.13
17039,8993.11
17041,8732.96
17043,9622.52
17045,9612.58
17047,8239.6
17049,8108.23
17051,8683.42
17053,9414.73
17055,9359.69
17057,8125.9
17059,8233.49
17061,10387.05
17063,10021.58
17065,8813.7
17067,7473.25
17069,9326.95
17071,8158.4
17073,8175.66
17075,9911.85
17077,8969.68
17079,8638.94
17081,9216.35
17083,8200.14
17085,7884.64
17087,7248.84
17089,10084.54
17091,10385.25
17093,9415.78
17095,8501.94
17099,9053.37
17097,9842.02
17101,9297.29
17103,8429.25
17105,8534.27
17107,8319.23
17115,8733.93
17117,8740.47
17119,9103.44
17121,10063.49
17123,8223.5
17125,9007.19
17127,9003.32
17109,7865.07
17111,9598.4
17113,7598.49
17129,7914.69
17131,8151.84
17133,8983.97
17135,8723.58
17137,8845.96
17139,9176.89
17141,9331.92
17143,8276.19
17145,9141.28
17147,10463.05
17149,9050.05
17151,6794.3
17153,10204.94
17155,6933.93
17157,9460
17159,8998.03
17161,8808.87
17165,8758.59
17167,8635.46
17169,8536.78
17171,9040.41
17173,8287.89
17163,9648.28
17175,7881.52
17177,8489.5
17179,8279.16
17999,*
17181,7771.05
17183,9046.85
17185,9256.76
17187,8291.39
17189,9445.16
17191,8215.72
17193,8546.23
17195,9143.85
17197,10546.72
17199,8751.97
17201,9024.98
17203,8443.86
,9462.2
18001,8752.52
18003,8913.44
18005,8667.68
18007,8928.32
18009,9563.52
18011,9489.24
18013,7143.51
18015,8491.67
18017,9284.87
18019,10581.69
18021,9505.21
18023,9448.69
18025,8947.9
18027,9712.52
18033,8618.73
18029,8671.9
18031,8586.3
18035,9374.12
18037,7944.26
18039,8742.96
18041,8753.56
18043,9640.84
18045,8449.91
18047,7677.36
18049,8257.2
18051,9712.24
18053,9084.88
18055,9315.02
18057,8917.75
18059,8474.54
18061,8949.06
18063,9142.85
18065,9273.21
18067,9342.06
18069,8015.9
18071,7896.89
18073,9785.07
18075,8684.62
18077,8875.03
18079,7972.61
18081,8695.8
18083,10069.45
18085,8054.82
18087,6948.88
18091,9100.79
18089,11635.4
18093,8551.97
18095,9622.78
18097,10905.4
18099,8577.26
18101,7861.79
18103,8291.6
18105,7621.33
18107,8516.94
18109,8415.59
18111,9596.97
18113,7917.36
18115,9643.39
18117,8603.64
18119,8064.21
18121,8519.86
18123,8723.37
18125,7947.22
18127,10074.11
18129,9133.36
18131,9015.38
18133,9136.77
18135,8455.57
18137,8325.24
18139,8512.28
18143,10048.72
18145,9720.28
18147,8035.92
18141,8994.14
18149,8995.35
18151,8069.59
18153,9424.42
18155,9045.28
18157,9386.83
18159,9473.21
18999,*
18161,8083.03
18163,9630.27
18165,9965.35
18167,10369.18
18169,8050.73
18171,8405.75
18173,8434.33
18175,9565.49
18177,9838.3
18179,8396.97
18181,8907.99
18183,7691.47
,8873.95
20001,8894.97
20003,9684.48
20005,9294.02
20007,9537.6
20009,9235.63
20011,7870.32
20013,9951.8
20015,7870.38
20017,7264.8
20019,8909.8
20021,8887.17
20023,11940.03
20025,12233.87
20027,9022.63
20029,8124.68
20031,8525.05
20033,11324.11
20035,7696.99
20037,8940.31
20039,10836.18
20041,8666.5
20043,8737.02
20045,7839.32
20047,8853.98
20049,8644.86
20051,9125.6
20053,9414.75
20055,7740.21
20057,8203.55
20059,8357.46
20061,8133.5
20063,11401.77
20065,11574.27
20067,6610.19
20069,7251.85
20071,10598.74
20073,9688.22
20075,9940.91
20077,10358.3
20079,8213.58
20081,10460.77
20083,9245.6
20085,8893.62
20087,7563.65
20089,10311.42
20091,9126.27
20093,8867
20095,10070.16
20097,9297.92
20099,8892.74
20101,13442.2
20103,9025.19
20105,11902.22
20107,8253.47
20109,13239.83
20111,8151.25
20115,8499.7
20117,8690.64
20113,7977.89
20119,10339.97
20121,8612.33
20123,8708.27
20125,8344.79
20127,8298.16
20129,8409.22
20131,9014.16
20133,10224.32
20135,11230
20137,9210.49
20139,8062.45
20141,10817.5
20143,8871.28
20145,12947.18
20147,10965.97
20149,9512.43
20151,9054.52
20153,11651.44
20155,8512.94
20157,8053.78
20159,8881.25
20161,7388.36
20163,9764.85
20165,9876.13
20167,10417.54
20169,8233.63
20171,10799.3
20173,8635.71
20175,8613.24
20177,8649.8
20179,11672
20181,10577.86
20183,9148.78
20185,9256.91
20187,11550.1
20189,9488.09
20191,7228.49
20193,10834.02
20195,12673.28
20999,*
20197,8216.62
20199,10603.17
20201,9336.75
20203,12394.24
20205,9614.36
20207,9299.86
20209,11052.86
,8914.39
21001,8475.39
21003,9136.04
21005,8806.4
21007,8251.04
21009,8428.8
21011,7960.05
21013,8909.4
21015,9668.18
21017,8756.74
21019,9512.43
21021,8635.03
21023,7921.89
21025,9106.14
21027,8538.85
21029,8955.56
21031,8711.33
21033,7372.32
21035,7721.09
21037,9657.03
21039,9311.95
21041,9439.42
21043,8301.54
21045,9891.96
21047,8341.02
21049,9147.73
21051,9805.31
21053,9705.68
21055,9386.24
21057,10961.74
21059,8812.37
21061,9508.77
21063,7456.25
21065,8614.49
21067,9164.54
21069,9366.67
21071,8911.43
21073,12062.96
21075,9354.13
21077,11214.45
21079,8266.6
21081,9466.91
21083,8897.93
21085,8962.41
21087,9800.11
21089,9440.71
21091,7813.86
21093,8119.4
21095,7706.16
21097,8115.02
21099,8663.61
21101,8986.83
21103,9364.64
21105,9247.79
21107,7719.22
21109,7451.08
21111,9446.34
21113,8267.2
21115,8519.14
21117,9704.83
21119,8590.88
21121,8266.28
21123,7709.2
21125,8197.3
21127,8171.06
21129,8185.62
21131,9165.51
21133,9037.17
21135,9845.94
21137,8404.72
21139,8538.94
21141,8852.39
21143,8175.21
21151,8561.9
21153,8922.51
21155,8062.86
21157,7974.7
21159,8223.41
21161,9138.47
21145,8527.88
21147,8410.47
21149,8714.9
21163,8532.73
21165,7593.48
21167,8989.48
21169,9079.88
21171,9540.1
21173,8986.03
21175,9439.88
21177,8213.96
21179,8353.45
21181,8163.23
21183,7544.56
21185,8259.54
21187,9633.45
21189,8829.3
21191,8904.59
21193,10074.15
21195,8325.31
21197,9113.47
21199,8132.66
21201,8288.47
21203,9097.98
21205,9335.92
21207,8113.14
21209,8834.13
21211,8723.24
21213,10171.51
21215,9557.05
21217,8955.98
21219,8269.04
21221,8218.36
21223,9434.58
21999,*
21225,8952.84
21227,9409.95
21229,8511.52
21231,8040.68
21233,9085.83
21235,9034.1
21237,8606.85
21239,7958.18
,10543.57
22001,10062.84
22003,9513.52
22005,10079.56
22007,9537.41
22009,10629.09
22011,10908.5
22013,12196.83
22015,10535.85
22017,11003.42
22019,9597.77
22021,13071.64
22023,8561.5
22025,10509.26
22027,11361.95
22029,11162.74
22031,10898.8
22033,10454.7
22035,12234.21
22037,10556
22039,11551.74
22041,12155.95
22043,9172.06
22045,9310.96
22047,10853.5
22049,10349.1
22051,10431.67
22053,10355.77
22059,11277.99
22055,9781.34
22057,9033.77
22061,9943.88
22063,10827.41
22065,12529.75
22067,11341.07
22069,10472.75
22071,11807.26
22073,10996.06
22075,10860.77
22077,10560.39
22079,9943.17
22081,13904.89
22083,11637.69
22085,9392.95
22087,12699.37
22089,9818
22091,13151
22093,9483.24
22095,10055.5
22097,10552.13
22099,9712.6
22101,9819.26
22103,10995.41
22105,12459.84
22107,10632.28
22109,9025.59
22999,*
22111,11638.61
22113,9460.14
22115,10438.81
22117,12610.82
22119,10734.04
22121,11390.06
22123,11256.6
22125,12312.45
22127,11250.83
,10894.7
25001,10493.77
25003,10204.22
25005,10602.39
25007,10368.02
25009,10714.81
25011,8882.6
25013,10118.34
25015,8959.52
25017,10943.3
25019,9793.52
25021,11558.59
25023,11280.54
25025,12506.94
25999,*
25027,10840.14
,11328.87
24001,11413.56
24003,10380.4
24005,12187.38
24510,15258.4
24009,10276.19
24011,11556.35
24013,10799.02
24015,11479.31
24017,10486.5
24019,12166.63
24021,10201.62
24023,8651.76
24025,11200.39
24027,9850.33
24029,11938.02
24031,9677.41
24033,11636.68
24035,10196.21
24039,10801.31
24037,10558.98
24041,10968.18
24999,*
24043,10443.92
24045,10925.95
24047,10485.11
,8283.59
23001,8169.54
23003,8205.29
23005,8517.88
23007,8481.34
23009,8874.71
23011,7925.98
23013,7925.19
23015,8363.76
23017,7749.54
23019,8467.71
23021,7875.62
23023,7656.97
23025,8746.15
23999,*
23027,7919.02
23029,8083.09
23031,8354.86
,10315
26001,7886.88
26003,7551.4
26005,8773.03
26007,8854.89
26009,8112.21
26011,9143.96
26013,8275.57
26015,8349.02
26017,9948.37
26019,8091.21
26021,8833.12
26023,8618.7
26025,9583.27
26027,8730.87
26029,7628.11
26031,8415.39
26033,8798
26035,8769.61
26037,9090.38
26039,8597.21
26041,7398.82
26043,7753.67
26045,9473.15
26047,7758.77
26049,12621.18
26051,8985.98
26053,7380.85
26055,8395.61
26057,9280.31
26059,8283.66
26061,7475.93
26063,10515.85
26065,10279.84
26067,8574.13
26069,8381.17
26071,9030.31
26073,8747.32
26075,10054.82
26077,8828.6
26079,7921.71
26081,9323.5
26083,7694.86
26085,8702.32
26087,10307.57
26089,7534.24
26091,8640.93
26093,9286.85
26095,8656.77
26097,8873.67
26099,11559.49
26101,8145.75
26103,7433.86
26105,8272.06
26107,7921.8
26109,7592.47
26111,8586.8
26113,7999.39
26115,10343.16
26117,8656.95
26119,7773.18
26121,9023.37
26123,8209.04
26125,11416.22
26127,8463.16
26129,9420.59
26131,6947.34
26133,8413.77
26135,9167.99
26137,8296.89
26139,8394.05
26141,8312.63
26143,8961.69
26145,10092.95
26151,9285.33
26153,8251.85
26155,9092.87
26147,9242.92
26149,8460.54
26157,9722.73
26999,*
26159,9353.88
26161,9757.16
26163,12857.22
26165,7866.37
,8776.7
27001,9335.14
27003,8984.31
27005,8205.82
27007,9383.35
27009,9239.05
27011,10616.12
27013,8068.98
27015,9005.19
27017,8399.69
27019,7544.53
27021,8291.07
27023,9563.78
27025,8546.85
27027,8573.24
27029,7987.81
27031,7213.01
27033,8895.77
27035,8014.39
27037,8965.22
27039,7627.18
27041,8677.84
27043,8209.98
27045,7607.48
27047,8535.41
27049,8670.8
27051,10617.12
27053,9567.96
27055,7690.59
27057,7827.63
27059,8614.53
27061,7512.61
27063,8431.2
27065,8021.14
27067,7874.84
27069,9238.22
27071,8247.76
27073,10798.64
27075,8211.13
27077,10428.35
27079,8223.25
27081,8971.54
27083,7838.68
27087,10773.19
27089,9857.77
27091,9052.02
27085,8633.65
27093,8484.89
27095,8724.55
27097,7547.71
27099,8592.93
27101,10010.78
27103,8736.79
27105,7650.52
27107,7820.85
27109,8003.33
27111,8239.29
27113,8092.02
27115,8964.18
27117,9639.36
27119,8831.72
27121,9880.92
27123,9375.67
27125,6034.85
27127,10740.92
27129,9352.49
27131,8219.75
27133,8890.74
27135,8670.88
27139,8288.48
27141,9501.66
27143,9144.7
27137,8063.78
27145,8326.69
27147,8476.7
27149,10424.62
27151,8747.29
27153,9158.09
27155,8893.31
27999,*
27157,7633.78
27159,9162.39
27161,8205.39
27163,8264.67
27165,9383.97
27167,8046.24
27169,8013.61
27171,9060.84
27173,9747.23
,9119.03
29001,9010.51
29003,9950.87
29005,9815.52
29007,8335.15
29009,8351.94
29011,9511.54
29013,8788
29015,7895.03
29017,7755.92
29019,7967.16
29021,10034.14
29023,8454.09
29025,8420.78
29027,8021.52
29029,7743.31
29031,7775.32
29033,9354.77
29035,7557.25
29037,9225.4
29039,8371.9
29041,8392.08
29043,7453.56
29045,7905.67
29047,9211.34
29049,8547.92
29051,7765.88
29053,7773.15
29055,8157.22
29057,8581.16
29059,8202.4
29061,9109.36
29063,9374.43
29065,8973
29067,7199.67
29069,9189.08
29071,9014.94
29073,8747.76
29075,10745.64
29077,8143.46
29079,9689.98
29081,10488.79
29083,9570.82
29085,7229.84
29087,8218.64
29089,8114.51
29091,7685.29
29093,10394.19
29095,9984.75
29097,8768.08
29099,9695.81
29101,9003.08
29103,8790.36
29105,8246.71
29107,9021.19
29109,7756.98
29111,8896.86
29113,10809.66
29115,9204.2
29117,10262.7
29121,9097.37
29123,9212.49
29125,8293.7
29127,8558.98
29119,8132.18
29129,7242.43
29131,7970.66
29133,8440.71
29135,7265.89
29137,8133.6
29139,8713.6
29141,7872.68
29143,8980.23
29145,8717.61
29147,8991.26
29149,6965.16
29151,7988
29153,7041.32
29155,9471.5
29157,9640.37
29159,8172.72
29161,9077.39
29163,9072.8
29165,8897.76
29167,8513.91
29169,8491.95
29171,11386.85
29173,7545
29175,9237.87
29177,9729.91
29179,8279.94
29181,8653.21
29195,8374.75
29197,10081.22
29199,12343.66
29201,8521.85
29203,7941.71
29205,8082.07
29183,9356.77
29185,10208.84
29187,9266.51
29189,9961.16
29510,12234.55
29186,10034.52
29207,8404.99
29209,7465.03
29211,9031.11
29213,7925.6
29215,7147.26
29999,*
29217,7605.35
29219,9158.46
29221,9279.86
29223,8164.36
29225,7488.46
29227,8171.87
29229,8434.46
,9636.3
28001,10032.53
28003,10032.12
28005,8696.66
28007,9674.66
28009,9099.54
28011,11720.47
28013,9063.18
28015,9761.14
28017,8386.89
28019,8500.44
28021,12245.38
28023,10898.18
28025,9272.99
28027,10840.64
28029,9052.03
28031,9835.66
28033,9519.7
28035,10251.24
28037,10790.01
28039,9758.63
28041,10204.14
28043,10056.34
28045,10083.5
28047,9559.6
28049,10113.34
28051,11062.37
28053,9406.76
28055,10608.96
28057,8343.65
28059,8780.78
28061,9409.8
28063,12294.54
28065,10193.71
28067,9578.25
28069,10334.41
28071,8010.06
28073,9006.12
28075,9594.89
28077,11067.88
28079,9858.06
28081,8362.31
28083,9751.82
28085,8749.22
28087,8636.92
28089,8786.75
28091,10601.46
28093,9785.78
28095,9139.91
28097,11445.74
28099,11652.57
28101,11190.47
28103,10390.19
28105,8009.09
28107,10172.71
28109,9510.33
28111,10752.95
28113,10062.4
28115,8163.92
28117,9859.9
28119,8764.92
28121,9080.85
28123,10986.54
28125,11378.05
28127,9408.22
28129,10359.29
28131,10428.8
28133,12669.95
28135,11065.39
28137,10099.44
28139,8509.32
28141,9013.56
28143,10849.71
28999,*
28145,8349.93
28147,10561.27
28149,10254.12
28151,9939.07
28153,9017.04
28155,8755.27
28157,9854.99
28159,8815
28161,9327.71
28163,10983.09
,7276.29
30001,8440.25
30003,9978.85
30005,7626.76
30007,6930.96
30009,7128.73
30011,6053.06
30013,7946.28
30015,7520.58
30017,7107.83
30019,8603.91
30021,6779.61
30023,8215.84
30025,8850.04
30027,6368.81
30029,6734.04
30031,6616.83
30033,6466.64
30035,9381.86
30037,6334.65
30039,5665.69
30041,6696.56
30043,6492.29
30045,5833.27
30047,8123.81
30049,6921.38
30051,9052.78
30053,6629.67
30057,7659.37
30055,6820.49
30059,8393.5
30061,6695.73
30063,6655.83
30065,7998.5
30067,6708.63
30069,9520.37
30071,7585.32
30073,9160.72
30075,5816.35
30077,7335.64
30079,5666.32
30081,6029.37
30083,7256.5
30085,10125.41
30087,7768.94
30089,6573.74
30091,7509.99
30093,7983.24
30095,7371.56
30097,7338.91
30099,8520.19
30101,7641.05
30103,6658.21
30999,*
30105,7772.43
30107,8095.55
30109,8467.93
30111,7845.41
,8825.86
37001,9133.42
37003,8557.17
37005,8882.6
37007,9297.3
37009,8198.51
37011,8565.51
37013,8085.18
37015,9735.94
37017,10778.6
37019,7860.46
37021,7617.72
37023,8200.86
37025,9267.87
37027,8274.65
37029,8833.23
37031,8212.95
37033,8719.64
37035,8002.5
37037,8319
37039,7306.56
37041,8900.19
37043,6562.9
37045,8779.3
37047,10026.97
37049,8654.02
37051,9268.6
37053,8178.78
37055,6626.13
37057,9247.93
37059,9072.61
37061,9457.03
37063,9794.17
37065,9831.91
37067,9778.66
37069,9148.57
37071,9447.3
37073,8598.52
37075,7186.51
37077,8719.88
37079,9473.25
37081,8925.91
37083,9466.93
37085,9863.93
37087,7793
37089,7841.05
37091,8855.22
37093,10063.77
37095,8202.98
37097,9118.58
37099,7446.66
37101,9372
37103,8556.53
37105,8784.69
37107,9152.57
37109,9033.87
37113,6827.08
37115,7141.52
37117,10163.66
37111,8107.78
37119,9129.97
37121,6940.12
37123,9098.01
37125,8493.61
37127,9509.63
37129,8842.82
37131,9799.13
37133,8764.42
37135,8346.04
37137,8258.81
37139,8580.22
37141,8881.21
37143,7982.27
37145,9545.15
37147,9595.3
37149,7432.3
37151,8595.32
37153,9417.75
37155,10666.12
37157,8802.68
37159,9365.85
37161,8049.91
37163,9569.66
37165,8772.09
37167,9179.02
37169,9835.33
37171,9686.19
37173,8941.16
37175,7611
37177,9094.88
37999,*
37179,8478.84
37181,8881.23
37183,8164.62
37185,8763.26
37187,8693.83
37189,8205.84
37191,9225.97
37193,8858.71
37195,9632.2
37197,9868.85
37199,7269.5
,8164.04
38001,8116.71
38003,8815.6
38005,9652.06
38007,5261.61
38009,7535.34
38011,8069.84
38013,8154.41
38015,7849.56
38017,8314.41
38019,7537.98
38021,9161.15
38023,9368.09
38025,7692.91
38027,8436.55
38029,8326.52
38031,7755.93
38033,9191.35
38035,8862.49
38037,8966.25
38039,8393.25
38041,7907.46
38043,6607.75
38045,8388.82
38047,8308.46
38049,8218.91
38051,8677.54
38053,8903.66
38055,8065.09
38057,7637.18
38059,8300.43
38061,7547.43
38063,8830.38
38065,7364.33
38067,7699.85
38069,8354.32
38071,7797.84
38073,9367.77
38075,6564.84
38077,7541.14
38079,10266.21
38081,8491.83
38083,7889.29
38085,12673.74
38087,7485.31
38089,7460.95
38091,6736.02
38093,7928.35
38095,9331.37
38097,8386.01
38999,*
38099,8607.86
38101,7560.37
38103,7732.21
38105,7480.37
,8756.08
31001,8671.66
31003,10280.02
31005,8216.8
31007,6397.83
31009,7732.26
31011,8511.27
31013,9327.95
31015,10516.16
31017,10586.53
31019,8267.97
31021,9838.91
31023,7874.17
31025,7922.42
31027,7872.07
31029,10570.92
31031,8735.65
31033,9112.39
31035,7668.36
31037,9524.15
31039,9080.87
31041,8975.07
31043,7709.23
31045,6313.1
31047,8998.36
31049,8666.65
31051,7303.49
31053,8690.33
31055,8683.69
31057,13382.28
31059,9622.36
31061,10598.86
31063,9642.26
31065,11108.57
31067,9299.19
31069,9571.47
31071,9966.04
31073,8236.82
31075,8205.17
31077,10115.03
31079,8038.26
31081,7786.19
31083,9304.11
31085,7133.79
31087,11556.38
31089,11968.46
31091,6632.95
31093,8545.79
31095,8628.66
31097,10435.57
31099,9379.08
31101,7720.81
31103,7212.36
31105,9680.89
31107,8552.64
31109,8065.65
31111,9520.85
31113,10315.64
31115,9903.22
31119,9510.51
31117,10121.16
31121,8198.17
31123,10034.48
31125,10363.54
31127,10069.92
31129,10699.03
31131,9594.47
31133,9360.79
31135,8190.76
31137,9896.07
31139,9649.51
31141,8357.34
31143,8894.09
31145,9978.81
31147,10673.99
31149,9968.27
31151,9465.03
31153,8121.12
31155,9313.09
31157,8268.33
31159,8494.67
31161,7646.69
31163,8958.2
31165,8743.59
31167,7722.82
31169,8847.82
31171,6576.88
31173,12740.59
31999,*
31175,10266.57
31177,9157.59
31179,8840.98
31181,10410.3
31183,8393.25
31185,8799.72
,8704.22
33001,8501.33
33003,7975.31
33005,8129.15
33007,8860.44
33009,8719.92
33011,8957.35
33013,8739.74
33015,9019.43
33017,8231.08
33019,8344.35
33999,*
,11476.91
34001,11936.78
34003,11984.62
34005,10759.16
34007,11647.38
34009,10703.29
34011,11792.56
34013,13407.96
34015,11387.37
34017,12898.88
34019,9254.64
34021,11504.86
34023,11431.03
34025,11131.76
34027,10526.12
34029,11199.49
34031,12505.36
34033,10441.57
34035,10237.29
34037,9747.72
34999,*
34039,11069.21
34041,10389.16
,7785.04
35001,7713.56
35003,5343.21
35005,8595.92
35006,8841.6
35007,6251.39
35009,8796.44
35011,9642.91
35013,8201.61
35015,8093.19
35017,6577.05
35019,7091.24
35021,5968.54
35023,6086.92
35025,9434.79
35027,7034.48
35028,6930.51
35029,7944
35031,9236.43
35033,5199.67
35035,8546.7
35037,8997.71
35039,6988.54
35041,9013.24
35045,8740.61
35047,6997.48
35043,7448.08
35049,6326.56
35051,7723.19
35053,6673.3
35055,6296.68
35057,7091.03
35999,*
35059,10717.37
35061,7007.72
,10023.81
32510,9459.43
32001,8421.27
32003,11069.55
32005,7931.8
32007,8604.25
32009,7227.75
32011,6533.68
32013,8722.45
32015,7091.38
32017,8133.9
32019,7860.85
32021,7831.63
32023,8887.88
32027,8122.08
32029,6873.06
32999,*
32031,8288.63
32033,9697.33
,11245.99
36001,8458.51
36003,7800.65
36005,15681.65
36007,7893.68
36009,7946.18
36011,8309.93
36013,7878.39
36015,8469.74
36017,7398.11
36019,8647.53
36021,8840.88
36023,8378.93
36025,8999.15
36027,9958.05
36029,8609.7
36031,8104.6
36033,8028.8
36035,7766.79
36037,8677.18
36039,8982.01
36041,6526.67
36043,8577.39
36045,8395.77
36047,15361.32
36049,7545.92
36051,7326.23
36053,7574.07
36055,9194.51
36057,8109.39
36059,12219.35
36061,12486.4
36063,8548.05
36065,8223.92
36067,8942.95
36069,7298.06
36071,10886.9
36073,8762.37
36075,9245.24
36077,8083.14
36079,10611.57
36081,13269.92
36083,8584.41
36085,12617.8
36087,12009.47
36091,7455.1
36093,7952.22
36095,7910.7
36097,8179.74
36099,8232.75
36089,7976.98
36101,7308.72
36103,11948.1
36105,9500.76
36107,7505.62
36109,6518.88
36999,*
36111,9146.51
36113,7968.16
36115,7619.81
36117,8612.99
36119,11929.92
36121,8329.28
36123,6238.6
,9891.2
39001,9884.66
39003,9899.93
39005,7932.18
39007,10742.72
39009,10121.02
39011,8807.72
39013,9135.99
39015,9802.03
39017,9927.28
39019,8504.75
39021,9168.2
39023,10222.77
39025,9570.29
39027,9383.66
39029,9724.94
39031,9696.39
39033,9612.68
39035,10698.96
39037,8675.58
39039,8683.63
39041,8698.1
39043,9760.03
39045,9707.63
39047,9205.93
39049,10773.35
39051,9176.83
39053,8886.56
39055,8940.41
39057,9394.74
39059,9999.38
39061,10701.49
39063,7650.85
39065,9349.9
39067,10155.27
39069,8797.29
39071,9669.26
39073,8736.87
39075,8043.78
39077,9113.03
39079,9458.83
39081,10823.59
39083,9550.67
39085,9895.43
39087,9552.5
39089,8986.8
39091,9200.16
39093,10332.6
39095,10933.95
39097,9608.47
39099,9967.97
39101,10070.32
39103,8780.08
39105,9314.97
39107,8123.11
39109,9339.28
39111,8306.38
39113,10529.85
39115,8524.19
39117,9490.75
39119,9744.21
39121,8811.32
39123,9558.56
39125,8923.63
39127,9662.96
39129,9876.26
39131,10202.75
39133,9258.96
39135,9785.86
39137,9248.31
39139,8836.87
39141,9778.85
39143,8829.54
39145,11999.37
39147,7922
39149,8450.21
39151,9384.16
39153,10083.01
39155,9840.59
39157,8665.98
39999,*
39159,9459.78
39161,9075.22
39163,9334.93
39165,9362.3
39167,8971.72
39169,8386.79
39171,8145.42
39173,9179.88
39175,8364.54
,9257.49
40001,10135.38
40003,7295.44
40005,11156.45
40007,9557.16
40009,9341.93
40011,9994.17
40013,11157.51
40015,9984.7
40017,8809.81
40019,9551
40021,8938.29
40023,11350.92
40025,11227.55
40027,9104.95
40029,9987.75
40031,8478.56
40033,9058.66
40035,9319.67
40037,9336.1
40039,9108.34
40041,8451.81
40043,8761.21
40045,7175.2
40047,8303.93
40049,9286.9
40051,9348.67
40053,10180.46
40055,12167.54
40057,8863.15
40059,8152.51
40061,9536.76
40063,9292.58
40065,9997.64
40067,9409.91
40069,11030.59
40071,8128.04
40073,10753.41
40075,9485.62
40077,9330.03
40079,9821.54
40081,8894.65
40083,9369.91
40085,10753.99
40093,8288.86
40095,10820.93
40097,9772.73
40087,8821.8
40089,9986.28
40091,8911.76
40099,10702.71
40101,9770.93
40103,7926.94
40105,7660.42
40107,8948.52
40109,10022.93
40111,9020.01
40113,8835.33
40115,8902.84
40117,9577.93
40119,8758.41
40121,8773.15
40123,9408.37
40125,9308.48
40127,9067.28
40129,8412.27
40131,8361.24
40133,10680.41
40135,8774.07
40137,8839.03
40139,7591.85
40141,9226.75
40143,8963.99
40999,*
40145,8293.72
40147,7581.93
40149,8434.14
40151,6898.22
40153,7462.68
,7721.48
41001,7079.84
41003,6730.71
41005,7658.66
41007,8701.58
41009,7934.63
41011,8513.14
41013,7288.33
41015,7601.65
41017,7162.14
41019,6881.49
41021,8412.95
41023,7401.86
41025,8279.05
41027,7424.59
41029,7268.08
41031,7693.77
41033,6591.23
41035,7463.52
41037,7983.65
41039,7465.81
41041,6998.24
41043,7645.08
41045,7967.42
41047,7989.93
41049,8165.15
41051,8605.47
41053,7975.13
41055,9257.35
41057,8067.89
41999,*
41059,8204.03
41061,8365.94
41063,7794.19
41065,7776.27
41067,8305.3
41069,6233.4
41071,8283.6
,10043.17
42001,9057.55
42003,11088.33
42005,9419.79
42007,9542.36
42009,8698.21
42011,9975.99
42013,9483.31
42015,8056.28
42017,10278.76
42019,8855.26
42021,10296.21
42023,9559.16
42025,9847.63
42027,9331.86
42029,9952.61
42031,9492.21
42033,9247.11
42035,8795.02
42037,9512.44
42039,8782.52
42041,9406.73
42043,10372.58
42045,11386.05
42047,9434.05
42049,9077.97
42051,9258.67
42053,9540.7
42055,8743.34
42057,9475.5
42059,9658.61
42061,9188.41
42063,9271.16
42065,9393.57
42067,9244.44
42069,9317.02
42071,8513.76
42073,10515.27
42075,8477.92
42077,9744.32
42079,9738.77
42081,8444.07
42083,8186.25
42085,9625.75
42087,9504.39
42089,9442.84
42091,10427.71
42093,10261.81
42095,10299.12
42097,9813.52
42099,9611.94
42101,13258.03
42103,9077.12
42105,8788.6
42107,9413.21
42109,8672.67
42111,9330.79
42113,9069.3
42115,7674.03
42117,7932.57
42999,*
42119,8004.23
42121,9214.38
42123,8209.01
42125,10320.82
42127,8630.75
42129,10021.86
42131,8336.2
42133,9429.69
,5419.96
,10121.09
44001,9680.65
44003,10450.22
44005,9711.29
44007,10384.13
44999,*
44009,9233.35
,8779.49
45001,9048.29
45003,8213.68
45005,10704.27
45007,9216.53
45009,10299.05
45011,8669.22
45013,7858.95
45015,9073.73
45017,9576.58
45019,9020.63
45021,8069.05
45023,9083.94
45025,8440.61
45027,9450.21
45029,10113.91
45031,9766.64
45033,9338.58
45035,8912.03
45037,8437.5
45039,9387.3
45041,9206.91
45043,8606.19
45045,8602.59
45047,9330.11
45049,10153.81
45051,8223.1
45053,9129.25
45055,8902.74
45057,8568.41
45059,9328.6
45061,10014.88
45063,8366.95
45067,9234.35
45069,9000.05
45065,8016.48
45071,8352.08
45073,8130.2
45075,9250.44
45077,8805.8
45079,8815.35
45081,8489.92
45083,8851.88
45085,9498.79
45999,*
45087,9464.05
45089,9773.42
45091,8662.23
,8056.88
46003,7657.78
46005,6962.92
46007,11775.92
46009,8880.54
46011,7136.26
46013,8907.12
46015,7784.5
46017,14898.42
46019,5947.69
46021,8493.21
46023,10108.56
46025,7820.23
46027,8251.84
46029,8138.03
46031,8328.43
46033,6727.05
46035,8210.76
46037,8553.15
46039,8543.49
46041,12144.65
46043,9142.9
46045,7735.77
46047,8463.86
46049,13385.76
46051,7798.53
46053,8924.37
46055,7425.51
46057,6804.97
46059,8009.95
46061,6435.56
46063,7835.61
46065,6939.07
46067,7525.5
46069,6551.65
46071,8521.23
46073,10025.26
46075,6208.02
46077,8515.76
46079,7289.92
46081,6236.31
46083,8437.27
46085,7358.26
46091,8395.51
46087,7776.27
46089,7659.44
46093,6843.33
46095,8976.26
46097,7750.51
46099,8134.25
46101,8004.16
46103,7889.74
46105,8180.92
46107,9103.12
46109,7951.9
46111,8134.29
46113,14447.41
46115,10082.59
46117,6054.86
46119,7102.91
46121,14365.2
46123,8334.38
46125,8580.65
46999,*
46127,7946.42
46129,7324.71
46135,6942.43
46137,7604.98
,8930.38
47001,8156
47003,9072.06
47005,8689.36
47007,9624.96
47009,8005.53
47011,8995.99
47013,8767.94
47015,9719.21
47017,9250.14
47019,8531.28
47021,8624.16
47023,8460.31
47025,8713.89
47027,8532.69
47029,7861.48
47031,9974.19
47033,8981.63
47035,7794.37
47037,9496.1
47041,8673.8
47039,9728.81
47043,10247.66
47045,10207.61
47047,9073.69
47049,9528.78
47051,9514.09
47053,8922.54
47055,8888.27
47057,7298.64
47059,7943.77
47061,9836.09
47063,8629.54
47065,9156.51
47067,9103.29
47069,8665.84
47071,9027.96
47073,7944.25
47075,10039.77
47077,8884.25
47079,7789.55
47081,9689.58
47083,9762.98
47085,10282.75
47087,8565.79
47089,8407.47
47091,7805.62
47093,8202.27
47095,11562.86
47097,9969.49
47099,8852.39
47101,8541.88
47103,8557.59
47105,7509.38
47111,10113.14
47113,8892.04
47115,9099.75
47117,8844.23
47119,8542.5
47107,8059.51
47109,8669.04
47121,8538.89
47123,7721.46
47125,8417.46
47127,7904.28
47129,8489.41
47131,9105.79
47133,8273.44
47135,9753.21
47137,9098.81
47139,7786.9
47141,8284.78
47143,9347.7
47145,8767.19
47147,9617.44
47149,8977.07
47151,9948.81
47153,8947.81
47155,8124.46
47157,10136.96
47159,9555
47161,8320.48
47163,7712.21
47165,9734.91
47167,9814.14
47169,10913.4
47999,*
47171,9054.96
47173,7631.01
47175,8574.86
47177,9011.59
47179,8027.58
47181,8497.93
47183,9441.76
47185,8469.76
47187,7650.31
47189,9470.21
,10865.9
48001,10726.04
48003,7976.69
48005,9991.08
48007,8586.31
48009,10335.49
48011,8342.1
48013,10152.84
48015,8654.54
48017,9607.69
48019,7953.53
48021,9793.12
48023,11683.4
48025,12526.05
48027,9597.92
48029,10161
48031,7455.07
48033,9307.92
48035,8589.31
48037,9520.25
48039,11469.95
48041,9593.01
48043,6174.01
48045,9234.64
48047,13290.82
48049,9191
48051,9916.88
48053,9182.71
48055,11353.3
48057,11012.96
48059,9330.28
48061,11644.22
48063,11271.91
48065,10153.62
48067,10299.77
48069,11604.16
48071,11371.14
48073,10796.59
48075,9968.74
48077,10634.55
48079,11911.84
48081,7993.65
48083,9170.95
48085,10307.75
48087,15363.43
48089,10798.88
48091,8648.72
48093,8567.07
48095,10477.72
48097,10573.13
48099,9103.28
48101,8741.7
48103,12629.96
48105,7922.15
48107,11918.1
48109,13029.99
48111,11031.23
48113,12168.36
48115,9865.72
48123,10510.67
48117,9764.1
48119,10871.79
48121,10629.41
48125,9022.72
48127,11693.74
48129,9553.64
48131,14475.94
48133,10453.86
48135,9574.87
48137,8600.27
48141,10123.55
48139,10689.62
48143,8802.24
48145,10105.06
48147,11561.17
48149,8945.53
48151,10150.2
48153,10555.24
48155,11217.46
48157,10896.35
48159,10289.23
48161,9629.92
48163,11501.28
48165,9902.55
48167,13041.86
48169,10998.23
48171,7178.32
48173,10026.58
48175,11460.66
48177,9622.73
48179,10326.38
48181,11541.47
48183,10591.29
48185,10770.19
48187,9207.66
48189,10019.84
48191,10945.45
48193,8834.42
48195,10980.29
48197,11037.74
48199,10556.62
48201,12892.63
48203,10261.11
48205,9556.85
48207,10090.82
48209,9429.91
48211,7617.5
48213,10899.5
48215,12196.71
48217,8364.06
48219,9720.45
48221,9292.84
48223,10773.91
48225,9369.95
48227,9472.23
48229,7632.27
48231,11269.09
48233,10471.09
48235,7659.12
48237,9532.72
48239,10879.03
48241,10486.06
48243,6087.61
48245,11545.83
48247,15977.99
48249,13852.67
48251,11478.73
48253,9512.59
48255,10003.33
48257,10620.22
48259,8457.77
48261,17101.37
48263,12573.46
48265,8265.62
48267,9723.09
48269,6063.65
48271,7715.06
48273,11371.45
48275,10708.94
48283,11020.1
48277,10127.52
48279,9545.51
48281,11365.95
48285,10692.46
48287,10290.01
48289,9639.02
48291,12904.21
48293,10526.83
48295,7685.11
48297,10875.58
48299,8874.66
48301,*
48303,10532.14
48305,10527.11
48313,11203.85
48315,11097.93
48317,12019.76
48319,6964.47
48321,11848.42
48323,11783.93
48307,9424.65
48309,8650.65
48311,9595.24
48325,10102.75
48327,9765.62
48329,9096.77
48331,11466.01
48333,8253.82
48335,11459.5
48337,10288.85
48339,11450.16
48341,9222.33
48343,10188.7
48345,9283
48347,10780.73
48349,10368.66
48351,10765.93
48353,9851.55
48355,10830.16
48357,8328.11
48359,8617.54
48361,10906.91
48363,10619.8
48365,10845.57
48367,10335.68
48369,10515.83
48371,11472.76
48373,8911.7
48375,10342.87
48377,5786.56
48379,10537.35
48381,9073.54
48383,10014.11
48385,9669.01
48387,11038.06
48389,9391.45
48391,11555.57
48393,5837.92
48395,10193.2
48397,10173.07
48399,10317.91
48401,10898.2
48403,10462.44
48405,10912.26
48407,12020.43
48409,10647.81
48411,7688.69
48413,10187.33
48415,10271.12
48417,9134.55
48419,9880.05
48421,8754.58
48423,10732.17
48425,10157.97
48427,12545.91
48429,10893.44
48431,7564.21
48433,12888.84
48435,7938.7
48437,11586.4
48439,11754.49
48441,9573.43
48443,7160.93
48445,12119.17
48447,12793
48449,10139.45
48451,8790.42
48453,9972.63
48455,10548.94
48457,9541.39
48999,*
48459,10133.28
48461,9445.81
48463,9458.04
48465,8296.04
48467,9898.51
48469,10026.85
48471,11220.68
48473,11296.58
48475,8778.7
48477,8751.97
48479,11419.06
48481,11657.14
48483,13237.17
48485,11153.82
48487,10130.52
48489,12555.49
48491,9099.25
48493,9064.69
48495,9200.53
48497,11490.11
48499,9979.44
48501,11097.25
48503,11593.64
48505,11250.12
48507,13359.85
,*
,8339.73
49001,8790.54
49003,7775.63
49005,8168.79
49007,8304.25
49009,11224.93
49011,8108.62
49013,6579.82
49015,8002.47
49017,6714.19
49019,7571.97
49021,7333.06
49023,9115.2
49025,6910.59
49027,8475.91
49029,9080.9
49031,6142.8
49033,8136.78
49035,8691.25
49037,10534.59
49039,7641.34
49041,7367.78
49043,7475.11
49045,8633.03
49999,*
49047,7360.27
49049,8692.37
49051,7377.84
49053,8121.34
49055,7114.57
49057,8448.65
,8571.3
51001,8965.7
51003,8242.09
51510,9296.32
51005,8242.79
51007,8474.82
51009,8298.52
51011,8421.51
51013,8027.23
51015,7985.77
51017,9823.69
51019,7727.26
51021,8564.46
51023,7458.69
51520,8320.52
51025,8668.52
51027,7625.89
51029,8399.38
51530,7706.58
51031,8346.82
51033,8732.4
51035,8116.13
51036,8813.49
51037,7580.38
51540,8833.11
51550,9083.57
51041,8585.07
51043,7512.96
51570,8681.84
51580,8386.16
51045,7941.06
51047,8602.21
51049,8677
51590,10316.74
51051,7328.95
51053,8872.17
51595,10153.94
51057,8493.47
51059,7944.81
51600,9231.99
51610,7423.83
51061,9160.27
51063,7783.07
51065,8302.67
51067,7014.81
51620,8900.82
51069,7535.06
51630,9964.05
51640,9869.45
51071,7861.71
51073,8628.65
51075,7923.58
51077,8072.39
51079,8591.31
51081,8807.75
51083,8337.95
51650,9072.85
51085,8857.06
51660,8740.58
51087,9390.15
51089,8073.75
51091,7195.49
51670,10015.85
51093,8531.46
51095,7938.54
51099,8981.54
51101,9772.24
51097,8788.83
51103,7338.45
51105,7697.13
51678,9408.76
51107,8241.75
51109,8126.86
51111,7907.33
51680,9459.96
51113,7443.9
51683,8883.6
51685,9906.91
51690,8916.46
51115,7599.14
51117,8674.38
51119,7600.1
51121,7907.31
51125,8255.08
51127,8098.55
51700,9294
51710,10289.05
51131,8629.49
51133,7506.71
51720,8776.07
51135,9831.05
51137,8197.17
51139,8291.26
51141,7736.31
51730,10550.27
51143,7884.66
51735,7798.72
51740,9550.35
51145,8105.22
51147,8474.97
51149,8962.04
51153,8430.86
51155,8511.97
51750,10571.06
51157,7213.04
51159,9024.65
51760,10677.95
51161,8091.52
51770,8883.94
51163,7240.57
51165,8235.35
51167,7680.24
51775,8076.71
51169,7961.91
51171,8016.87
51173,8210.23
51175,8710.63
51177,9603.92
51179,9198.33
51790,9002.51
51800,8379.29
51181,8403.36
51183,9731.7
51185,8103.66
51999,*
51810,8907.05
51187,8451
51191,7825.2
51820,8436.9
51193,8847.12
51830,7528.29
51840,8710.81
51195,8629.14
51197,8858.93
51199,8011.44
,5003.01
78010,5160.8
78020,3927
78030,4930.65
,8078.5
50001,8063.44
50003,8740.08
50005,7439.28
50007,7837.58
50009,6890.4
50011,8373.68
50013,7118.23
50015,7354.36
50017,8592.99
50019,6986.6
50021,8680.23
50999,*
50023,7841.05
50025,8016.46
50027,8669.48
,8255.27
53001,8089.1
53003,7821.6
53005,8591.41
53007,7975
53009,7565.26
53011,8663.66
53013,8755.83
53015,8524.31
53017,8092.58
53019,7638.65
53021,8403.31
53023,10726.16
53025,8155.27
53027,8238.93
53029,7094.17
53031,7118.87
53033,8629.33
53035,7607.46
53037,7920.09
53039,8248.4
53041,8278.4
53043,9438.83
53045,7630.97
53047,7460.5
53049,8647.79
53051,6973.87
53053,8507.26
53055,6648.25
53057,8144.59
53059,9123.05
53061,8234.04
53063,8816.58
53065,7463.55
53067,7318.13
53999,*
53069,7419.61
53071,7790.3
53073,7675.55
53075,9757.16
53077,8263.23
,8357.7
55001,6765.66
55003,8818.82
55005,8504.68
55007,7152.55
55009,7938.68
55011,7786.02
55013,7206.56
55015,8265.89
55017,8347.66
55019,8241.82
55021,7875.09
55023,9178.56
55025,7768.68
55027,8143.8
55029,7083.37
55031,8659.28
55033,9180.58
55035,8155.97
55037,6936.14
55039,7435.61
55041,7856.74
55043,7296.67
55045,7188.44
55047,7579.37
55049,8005.44
55051,7981.92
55053,7869.22
55055,7596.89
55057,7501.38
55059,9382.29
55061,8590.43
55063,7793.38
55065,8668.09
55067,8113.98
55069,8106.43
55071,7663.97
55073,7219.32
55075,8159.25
55077,7652.38
55078,6779.24
55079,10231.01
55081,7393.11
55083,7965.32
55085,7343.13
55087,7415.59
55089,8040.96
55091,9001.39
55093,7994.54
55095,8864.85
55097,8163.94
55099,7834.58
55101,9378.34
55103,7964.59
55105,8411.08
55107,9098.75
55111,7890.54
55113,7572.67
55115,7758.81
55117,7195.62
55109,8567.17
55119,7402.91
55121,8231.88
55999,*
55123,7971.74
55125,7633.43
55127,8267.94
55129,7851.26
55131,8044.49
55133,8472.06
55135,7388.1
55137,7568.04
55139,7881.03
55141,7997.9
,8437.75
54001,8332.27
54003,8119.01
54005,8528.72
54007,7475.53
54009,10507
54011,8824.2
54013,8031.99
54015,8218.75
54017,6577.86
54019,8635.49
54021,7914.45
54023,7222.72
54025,8058.55
54027,7893.19
54029,10068.14
54031,7370.16
54033,8617.52
54035,7986.74
54037,7906.79
54039,8886.55
54041,7764.34
54043,8585.8
54045,8465.61
54049,9164.19
54051,8296.6
54053,7945.71
54047,7482.09
54055,8140.33
54057,10237.87
54059,8161.65
54061,9406.96
54063,8456.82
54065,8201.38
54067,7438.74
54069,8954.44
54071,7573.46
54073,8320.31
54075,8325.28
54077,9214.82
54079,8678.64
54081,8348.83
54083,8009.13
54085,7424.18
54087,8024.97
54089,7151.77
54091,8433.93
54093,7332.19
54095,8781.12
54999,*
54097,6945.46
54099,7895.41
54101,8194.86
54103,8228.07
54105,7705.83
54107,8578.34
54109,7264.08
,7989.16
56001,7179.16
56003,8255.71
56005,8048.87
56007,7558.69
56009,11583.87
56011,7142.87
56013,7889.34
56015,7535.3
56017,9138.14
56019,6703.77
56021,8735.62
56023,7852.96
56025,8341.22
56027,9285.57
56029,7388.79
56031,8183.52
56033,6514.66
56035,6743.96
56037,7924.08
56039,7228.69
56999,*
56041,7863.16
56043,8059.83
56045,7444.9
,*
