"","lon","lat"
"1",-86.4996546,32.5791817
"2",-87.7763333,30.6010744
"3",-85.354965,31.8172896
"4",-87.1422895,32.9562798
"5",-86.4996546,34.0145152
"6",-85.7256372,32.0573536
"7",-86.6611083,31.6760284
"8",-85.80766,33.7701576
"9",-85.354965,32.9028048
"10",-85.684578,34.1665322
"11",-86.6611083,32.944392
"12",-88.2461183,32.0716631
"13",-87.7763333,31.7002461
"14",-85.8486236,33.279527
"15",-85.520024,33.6261707
"16",-86.0121573,31.4751172
"17",-87.8942451,34.7117567
"18",-86.9824288,31.501571
"19",-86.2196937,32.8897772
"20",-86.4996546,31.3066438
"21",-86.3376761,31.6671872
"22",-86.8220341,34.2011537
"23",-85.684578,31.4645298
"24",-87.1422895,32.2332138
"25",-85.684578,34.5211397
"26",-86.0121573,32.5647083
"27",-87.1422895,31.1394734
"28",-86.0529604,34.0455341
"29",-87.7763333,33.6871392
"30",-87.6186379,34.3967457
"31",-85.684578,31.0990456
"32",-87.9334803,32.9718107
"33",-87.6186379,32.7859102
"34",-85.1894045,31.4469377
"35",-85.3136218,31.1318686
"36",-86.0121573,34.7090388
"37",-86.9824288,33.4914122
"38",-88.0900762,33.6923649
"39",-87.658113,34.8840876
"40",-87.3016132,34.567428
"41",-85.3962769,32.5888702
"42",-86.9423801,34.7800072
"43",-86.6611083,32.221464
"44",-85.684578,32.3731182
"45",-86.4996546,34.7239731
"46",-87.7763333,32.2459085
"47",-87.7763333,34.0441174
"48",-86.3376761,34.3652297
"49",-88.2461183,30.6082227
"50",-87.460397,31.5119068
"51",-86.1751759,32.2077447
"52",-86.8621827,34.4240875
"53",-87.3016132,32.598888
"54",-88.0900762,33.3339954
"55",-86.0121573,31.8395163
"56",-85.520024,33.2681523
"57",-85.1894045,32.3552497
"58",-86.3376761,33.6530112
"59",-86.6611083,33.3039292
"60",-88.2461183,32.6155551
"61",-86.1344697,33.4231716
"62",-85.8486236,32.9201244
"63",-87.460397,33.3227653
"64",-87.3016132,33.8563605
"65",-88.2461183,31.3422346
"66",-87.3413599,32.0105439
"67",-87.3413599,34.1690087
"68",-109.3783206,35.5313224
"69",-109.949686,31.828458
"70",-111.4752851,35.6647545
"71",-110.5215459,33.6370567
"72",-109.7591675,33.076805
"73",-109.2831531,33.2405598
"74",-113.9536466,34.0061091
"75",-112.4291464,33.2917968
"76",-113.7632828,35.2143346
"77",-110.1402594,35.4019765
"78",-111.6660725,32.057499
"79",-111.2845025,32.8162061
"80",-110.8076084,31.5986127
"81",-112.4291464,34.6463981
"82",-113.9536466,32.6527533
"83",-91.2891036,34.2354138
"84",-91.7538817,33.1565939
"85",-92.3813621,36.3261815
"86",-94.479976,36.2661518
"87",-93.0175712,36.3118662
"88",-92.2236667,33.5081368
"89",-92.539603,33.5020885
"90",-93.5003454,36.2987495
"91",-91.2891036,33.3419551
"92",-93.1779659,34.0232374
"93",-90.3748354,36.3492244
"94",-92.0665197,35.4605769
"95",-92.2236667,33.8658007
"96",-93.1779659,33.1285176
"97",-92.6983868,35.2727492
"98",-90.6773046,35.8260959
"99",-94.315422,35.5762761
"100",-90.3748354,35.3021443
"101",-90.8294002,35.2998913
"102",-92.6983868,34.0346533
"103",-91.443469,33.8773585
"104",-91.7538817,33.5156463
"105",-92.3813621,35.1035858
"106",-93.8248241,35.5927966
"107",-91.7928402,36.3797374
"108",-93.1779659,34.5559285
"109",-92.4208713,34.2628015
"110",-90.563609,36.1314931
"111",-93.6623239,33.6530112
"112",-92.9775558,34.3393795
"113",-94.028678,34.1318213
"114",-91.5983959,35.8174139
"115",-91.9099238,36.1610924
"116",-91.135302,35.6479574
"117",-91.9099238,34.227351
"118",-93.5003454,35.6026275
"119",-93.6217802,33.2511695
"120",-91.135302,35.9969735
"121",-90.8294002,34.7712669
"122",-91.714958,33.9185116
"123",-94.19234,33.6808926
"124",-93.6623239,35.2475011
"125",-91.9099238,34.7591647
"126",-93.6623239,35.9466415
"127",-92.6983868,36.3194702
"128",-93.8655303,33.3335556
"129",-90.0746767,35.8279728
"130",-91.135302,34.5918747
"131",-93.6623239,34.5424074
"132",-93.3388917,33.6621386
"133",-93.1779659,35.9603994
"134",-92.9375739,33.5828512
"135",-92.8976254,34.96032
"136",-90.8675134,34.4611206
"137",-93.6623239,34.1876975
"138",-90.6393702,35.6078586
"139",-94.1513764,34.5268097
"140",-93.0175712,35.440627
"141",-91.5983959,34.7636336
"142",-92.2236667,34.7538615
"143",-90.9820668,36.3457918
"144",-90.7152749,34.9926533
"145",-92.539603,34.5708215
"146",-93.9878427,34.8854732
"147",-92.6983868,35.9721
"148",-94.315422,35.2260397
"149",-94.2743628,34.0346222
"150",-91.443469,36.1675974
"151",-92.2236667,35.8075142
"152",-92.539603,33.1431092
"153",-92.539603,35.6266232
"154",-94.1513764,35.9307703
"155",-91.7538817,35.2900612
"156",-91.135302,35.1215846
"157",-93.3388917,35.0810824
"158",-75.4344727,39.1440612
"159",-75.667356,39.5392979
"160",-75.4344727,38.6530841
"161",-82.3017728,29.6579549
"162",-82.3017728,30.3931168
"163",-85.684578,30.1805306
"164",-82.1713632,29.9723818
"165",-80.7214417,28.263933
"166",-80.365865,26.190096
"167",-85.1894045,30.3475302
"168",-81.909826,26.8946009
"169",-82.5185837,28.8848842
"170",-81.7787021,29.9943564
"171",-81.4278984,26.069985
"172",-82.605118,30.1812696
"173",-81.7787021,27.2142078
"174",-83.1649001,29.5207227
"175",-81.6035062,30.3500511
"176",-87.3413599,30.6389408
"177",-81.2518833,29.4086072
"178",-84.8567932,29.7817695
"179",-84.6479124,30.5562947
"180",-82.820974,29.6871128
"181",-81.0754657,26.984415
"182",-85.354965,29.8001623
"183",-82.9501558,30.4755958
"184",-81.8224362,27.4501733
"185",-81.0754657,26.6105319
"186",-82.4752757,28.5578826
"187",-81.3400268,27.3400286
"188",-82.3017728,27.9903597
"189",-85.80766,30.8740806
"190",-80.543845,27.6947732
"191",-85.1894045,30.7150882
"192",-83.8897057,30.4311978
"193",-83.2077645,30.0299573
"194",-81.7787021,28.702847
"195",-81.9534815,26.6630286
"196",-84.1857115,30.4906177
"197",-82.820974,29.3178545
"198",-84.8567932,30.1507777
"199",-83.5070203,30.4586334
"200",-82.345189,27.4799195
"201",-82.12784,29.2787765
"202",-80.4103957,27.0804935
"203",-80.6326916,25.5516034
"204",-81.7825985,24.5557001
"205",-81.8224362,30.5927334
"206",-86.6611083,30.5773401
"207",-80.8986502,27.3462015
"208",-81.2518833,28.4844995
"209",-81.0754657,28.1019838
"210",-80.2767327,26.6514503
"211",-82.4319405,28.3232418
"212",-82.7778579,27.876394
"213",-81.6911559,27.8617347
"214",-81.7787021,29.6265157
"215",-81.4278984,29.9719419
"216",-80.543845,27.3225563
"217",-86.9824288,30.7689907
"218",-82.345189,27.1995986
"219",-81.2078164,28.7131688
"220",-82.0842901,28.6747526
"221",-82.9931607,30.2485096
"222",-83.6773928,30.0993767
"223",-82.345189,30.0745112
"224",-81.0754657,29.0279842
"225",-84.3542049,30.1301689
"226",-86.1751759,30.5640199
"227",-85.684578,30.548737
"228",-82.2583297,31.712238
"229",-82.8640623,31.2932161
"230",-82.4319405,31.5412085
"231",-84.4802606,31.2816037
"232",-83.2934086,33.0338083
"233",-83.4643551,34.378542
"234",-83.6986568,34.0142667
"235",-84.8150781,34.2660473
"236",-83.2077645,31.7664035
"237",-83.2077645,31.3118535
"238",-83.7199136,32.7865735
"239",-83.3789389,32.4087854
"240",-81.9971108,31.1510963
"241",-83.5496566,30.8730159
"242",-81.4718387,32.0236584
"243",-81.7787021,32.3595678
"244",-81.9534815,33.088805
"245",-83.9532571,33.2691443
"246",-84.6479124,31.5621777
"247",-81.6035062,30.898276
"248",-82.0842901,32.4241804
"249",-85.0649071,33.5642239
"250",-85.1479364,34.8981727
"251",-82.0842901,30.7917361
"252",-81.1196075,31.9994194
"253",-84.8150781,32.2952274
"254",-85.3136218,34.4632661
"255",-84.4802606,34.2514526
"256",-83.357567,33.9519347
"257",-85.0025539,31.6447931
"258",-84.375233,33.5571944
"259",-82.820974,30.9716985
"260",-84.564147,33.8999297
"261",-82.820974,31.5182285
"262",-83.8473015,31.2072856
"263",-82.2583297,33.5098514
"264",-83.4643551,31.1428037
"265",-84.7315563,33.3716708
"266",-83.9744262,32.7090798
"267",-83.804868,31.8875724
"268",-85.4788065,34.9109017
"269",-84.1435136,34.412912
"270",-84.5222189,30.8720058
"271",-84.2278796,33.7956441
"272",-83.2077645,32.1287268
"273",-83.804868,32.1593447
"274",-84.2278796,31.5439375
"275",-84.7315563,33.7290225
"276",-84.8984775,31.3901106
"277",-82.9501558,30.7503289
"278",-81.3839326,32.378148
"279",-82.8640623,34.0795372
"280",-82.3017728,32.5726629
"281",-81.909826,32.1427011
"282",-84.2278796,34.8580405
"283",-84.4802606,33.4502206
"284",-85.2308414,34.2828967
"285",-84.1435136,34.2358502
"286",-83.2077645,34.3645724
"287",-84.3962535,33.8033965
"288",-84.4802606,34.6935359
"289",-82.6267345,33.2422994
"290",-81.6035062,31.2624169
"291",-84.8567932,34.4891699
"292",-84.2278796,30.9050079
"293",-83.1649001,33.5186591
"294",-84.0167423,33.9190653
"295",-83.5496566,34.6478893
"296",-83.804868,34.30778
"297",-83.0361376,33.2882621
"298",-85.1900684,33.8021715
"299",-84.8567932,32.7032697
"300",-82.9501558,34.3500039
"301",-85.1479364,33.2990406
"302",-84.1435136,33.4347963
"303",-83.634843,32.4219655
"304",-83.2934086,31.5893221
"305",-83.5496566,34.1174511
"306",-83.7199136,33.3246924
"307",-82.605118,31.8234851
"308",-82.4319405,33.0740753
"309",-81.9971108,32.7781246
"310",-82.6915429,32.7308194
"311",-83.5070203,33.0002582
"312",-84.1435136,33.0765883
"313",-83.0361376,31.0291269
"314",-82.9931607,32.433014
"315",-84.1435136,31.8128435
"316",-81.4718387,31.842969
"317",-82.4319405,33.7875101
"318",-81.8224362,31.7755541
"319",-83.2934086,30.8600022
"320",-83.9744262,34.5813972
"321",-82.5185837,33.5258626
"322",-81.3839326,31.4748147
"323",-84.059029,32.3523607
"324",-83.2077645,34.0990245
"325",-84.5222189,32.328102
"326",-84.6897495,33.0561282
"327",-84.7315563,31.2008218
"328",-84.1857115,31.2230067
"329",-83.8897057,32.9746846
"330",-82.5185837,32.1802095
"331",-83.4643551,33.5794186
"332",-84.7315563,34.7928029
"333",-84.8984775,32.4794133
"334",-83.8473015,33.5544296
"335",-83.4430118,33.8231988
"336",-83.0361376,33.9119731
"337",-84.8984775,33.9142037
"338",-83.8260884,32.5892926
"339",-84.4592701,34.4497166
"340",-82.1713632,31.343806
"341",-84.3962535,33.0881873
"342",-85.1479364,34.0132398
"343",-83.4643551,32.232644
"344",-83.3789389,33.3069978
"345",-84.981754,31.8485969
"346",-83.3789389,34.9027286
"347",-84.6897495,31.7913398
"348",-82.0842901,33.3205339
"349",-84.0378894,33.6752492
"350",-84.3121264,32.2736136
"351",-81.6035062,32.7074673
"352",-84.8984775,30.9331429
"353",-84.3121264,33.2636732
"354",-83.2934086,34.5458998
"355",-84.8150781,32.1141344
"356",-84.2278796,31.9981596
"357",-84.5222189,32.6891322
"358",-82.8855961,33.5697878
"359",-82.0842901,32.0634576
"360",-84.2278796,32.5407455
"361",-82.9931607,31.8907647
"362",-84.4802606,31.7370079
"363",-83.8473015,30.8417409
"364",-83.5496566,31.4205597
"365",-82.345189,32.0795072
"366",-83.7199136,34.9208214
"367",-82.5834947,32.3870233
"368",-85.023346,33.0698575
"369",-83.634843,31.6976531
"370",-83.4643551,32.68356
"371",-83.9744262,34.8457601
"372",-84.3121264,32.9047684
"373",-85.354965,34.6858231
"374",-83.7199136,33.7708613
"375",-82.4752757,31.134411
"376",-82.6915429,33.4470392
"377",-82.820974,32.962702
"378",-81.909826,31.5092107
"379",-84.564147,32.0129889
"380",-82.6915429,32.0999794
"381",-83.7199136,34.6567728
"382",-84.981754,34.8033566
"383",-83.4643551,31.9611759
"384",-82.7778579,33.808264
"385",-83.1649001,32.8024682
"386",-83.8897057,31.5282489
"387",-91.135302,40.0577692
"388",-89.3606298,37.1670164
"389",-89.4742177,38.902985
"390",-88.8263006,42.3484976
"391",-90.7152749,39.9379573
"392",-89.4742177,41.3599156
"393",-90.658333,39.1733216
"394",-89.9626799,42.0385843
"395",-90.2620042,39.9398601
"396",-88.2461183,40.2138865
"397",-89.3226954,39.5672183
"398",-87.7763333,39.3824189
"399",-88.556531,38.7279431
"400",-89.6251646,38.5684442
"401",-88.2461183,39.5560011
"402",-87.697554,41.7376587
"403",-87.7763333,39.0499568
"404",-88.2071598,39.2653533
"405",-88.7108964,41.8329981
"406",-88.90306,40.1810363
"407",-88.2071598,39.7617631
"408",-88.0900762,41.8243831
"409",-87.7763333,39.7131223
"410",-88.050979,38.4267827
"411",-88.556531,39.0621773
"412",-89.0179332,39.0669568
"413",-88.2071598,40.4988592
"414",-88.90306,38.0157197
"415",-90.2244662,40.5531823
"416",-88.2461183,37.7107751
"417",-90.3748354,39.4029862
"418",-88.4016041,41.3500531
"419",-88.556531,38.0543187
"420",-91.135302,40.3849365
"421",-88.362785,37.4995097
"422",-90.9438468,40.8335548
"423",-90.0746767,41.361088
"424",-87.697554,40.7740275
"425",-89.3226954,37.7218304
"426",-88.0900762,39.0554965
"427",-88.864698,38.2267348
"428",-90.3748354,39.0704754
"429",-90.2244662,42.3148804
"430",-88.90306,37.4203764
"431",-88.4016041,41.987884
"432",-87.7763333,41.1790977
"433",-88.4403883,41.5507043
"434",-90.2244662,40.8776411
"435",-87.8271534,42.3689363
"436",-88.9413865,41.4363987
"437",-87.7763333,38.7157534
"438",-89.3226954,41.6789842
"439",-88.556531,40.8688604
"440",-89.3226954,40.061338
"441",-90.6773046,40.3885122
"442",-88.4016041,42.3039993
"443",-88.864698,40.5478429
"444",-89.0179332,39.8949055
"445",-89.9253233,39.2375268
"446",-89.9253233,38.9041402
"447",-88.864698,38.7313284
"448",-89.3606298,40.9972934
"449",-89.9253233,40.2271003
"450",-88.7493998,37.2478298
"451",-89.8130356,40.0221361
"452",-90.6773046,41.1985037
"453",-90.1869644,38.2742526
"454",-89.4742177,39.2363688
"455",-90.2244662,39.7341219
"456",-88.5951751,39.6020543
"457",-89.3226954,41.9969811
"458",-89.7755338,40.7156396
"459",-89.3226954,38.0612022
"460",-88.556531,40.0543526
"461",-90.8294002,39.5662363
"462",-88.5951751,37.417132
"463",-89.1324866,37.2512419
"464",-89.2847251,41.238474
"465",-89.7755338,38.0629321
"466",-88.0900762,38.7212791
"467",-90.563609,41.3998209
"468",-89.9253233,38.400812
"469",-88.556531,37.7149675
"470",-89.6251646,39.7337353
"471",-90.6393702,40.1844543
"472",-90.4879916,39.6094934
"473",-88.864698,39.3980704
"474",-89.8130356,41.0795661
"475",-89.6251646,42.314489
"476",-89.4742177,40.5522078
"477",-89.2847251,37.5086525
"478",-87.697554,40.122469
"479",-87.8156715,38.4226484
"480",-90.6773046,40.8758777
"481",-89.3226954,38.3988869
"482",-88.4016041,38.3899815
"483",-88.2461183,38.0501137
"484",-89.8505012,41.7605503
"485",-88.0900762,41.5054724
"486",-88.864698,37.7183241
"487",-89.1705998,42.3121109
"488",-89.1705998,40.7128889
"489",-84.8984775,40.7249237
"490",-85.023346,41.0932622
"491",-85.8895551,39.206801
"492",-87.3413599,40.644786
"493",-85.3136218,40.4992784
"494",-86.4996546,40.0106163
"495",-86.1751759,39.1749729
"496",-86.5400674,40.542415
"497",-86.3376761,40.8199089
"498",-85.7256372,38.4492903
"499",-87.1422895,39.368622
"500",-86.4996546,40.3376924
"501",-86.4592091,38.3054548
"502",-87.1422895,38.7020241
"503",-84.981754,39.1713075
"504",-85.520024,39.3176186
"505",-85.023346,41.4138928
"506",-85.3962769,40.2583533
"507",-86.8220341,38.357918
"508",-85.8486236,41.6062253
"509",-85.1479364,39.5920377
"510",-85.8895551,38.2869276
"511",-87.3347575,40.2227197
"512",-85.0649071,39.4233977
"513",-86.2970998,41.0204161
"514",-87.5791287,38.3338249
"515",-85.684578,40.4730605
"516",-86.9824288,39.0321796
"517",-86.0529604,40.0372797
"518",-85.8486236,39.8249915
"519",-86.1751759,38.1701136
"520",-86.5400674,39.8064942
"521",-85.354965,39.9704844
"522",-86.1344697,40.4482767
"523",-85.520024,40.7911217
"524",-86.0529604,38.8794321
"525",-87.1422895,41.0040981
"526",-85.023346,40.4465288
"527",-85.4788065,38.7751543
"528",-85.684578,38.9914998
"529",-86.1344697,39.4637793
"530",-87.4207518,38.6665815
"531",-85.8486236,41.2864679
"532",-85.3962769,41.6288702
"533",-87.3016132,41.4897279
"534",-86.8220341,41.4775131
"535",-86.4996546,38.8518863
"536",-85.684578,40.1469349
"537",-86.1751759,39.83619
"538",-86.3376761,41.303028
"539",-86.8220341,38.6937856
"540",-86.0529604,40.770099
"541",-86.4996546,39.1851445
"542",-86.8220341,40.019879
"543",-86.3376761,39.5116809
"544",-87.4207518,40.9703076
"545",-85.354965,41.4277391
"546",-84.9609464,38.9417259
"547",-86.4996546,38.5169004
"548",-86.8220341,39.3603429
"549",-87.1422895,39.6992946
"550",-86.6611083,38.0159043
"551",-87.2618328,38.4110583
"552",-87.1023746,41.5248577
"553",-87.8942451,38.0020359
"554",-86.8220341,40.9957383
"555",-86.8220341,39.690997
"556",-85.023346,40.1204532
"557",-85.2308414,39.0986811
"558",-85.520024,39.6481768
"559",-86.3376761,41.6228085
"560",-85.7256372,38.7008005
"561",-85.8486236,39.4952877
"562",-87.0224442,37.9832621
"563",-86.6207943,41.2715616
"564",-84.981754,41.6115471
"565",-87.4207518,39.0843122
"566",-85.0649071,38.8419394
"567",-86.8220341,40.3469731
"568",-86.0529604,40.2825661
"569",-84.8984775,39.6637751
"570",-87.5791287,38.0806099
"571",-87.4802068,39.8512139
"572",-87.4207518,39.4165382
"573",-85.8486236,40.8033875
"574",-87.3413599,40.319245
"575",-87.2618328,38.0736703
"576",-86.1751759,38.6744747
"577",-84.981754,39.831882
"578",-85.1894045,40.7778348
"579",-86.9824288,40.6765551
"580",-85.520024,41.1136133
"581",-94.479976,41.2741733
"582",-94.6863782,41.0652066
"583",-91.443469,43.2430754
"584",-92.8577105,40.6806102
"585",-94.976654,41.7326826
"586",-92.0665197,42.1387249
"587",-92.3813621,42.447804
"588",-93.9878427,42.0881747
"589",-92.3813621,42.761082
"590",-91.9099238,42.4566006
"591",-95.1432068,42.6705452
"592",-92.8577105,42.7502186
"593",-94.645035,42.3785903
"594",-94.8105955,42.0566912
"595",-94.976654,41.2538068
"596",-91.135302,41.8346154
"597",-93.2029675,43.1543186
"598",-95.6457951,42.8027756
"599",-92.3813621,43.0724667
"600",-93.7841503,41.0177836
"601",-95.1432068,43.1368038
"602",-91.2891036,42.7785285
"603",-90.563609,41.878563
"604",-95.3102505,42.034686
"605",-93.9878427,41.6120022
"606",-92.3813621,40.6913838
"607",-93.8248241,40.8146492
"608",-91.443469,42.4634009
"609",-91.1736994,40.9123374
"610",-95.1849219,43.4049388
"611",-90.8294002,42.4694679
"612",-94.6863782,43.34943
"613",-91.9099238,42.9258199
"614",-92.8577105,43.0615947
"615",-93.3388917,42.7372361
"616",-95.6457951,40.7400403
"617",-94.479976,42.0700527
"618",-92.8577105,42.4369506
"619",-94.479976,41.7530909
"620",-93.6623239,42.4141275
"621",-93.6623239,43.0387322
"622",-93.1779659,42.4285425
"623",-95.8142885,41.6933855
"624",-91.5983959,41.0283603
"625",-92.3813621,43.3819496
"626",-94.19234,42.7482597
"627",-95.4777811,42.3418685
"628",-92.0665197,41.6624604
"629",-90.5257823,42.1560699
"630",-93.0175712,41.6414924
"631",-91.9099238,41.0236358
"632",-91.5983959,41.6698982
"633",-91.135302,42.1516737
"634",-92.2236667,41.3397063
"635",-94.2333355,43.2513384
"636",-91.443469,40.7068663
"637",-91.6760691,42.0659844
"638",-91.2891036,41.1933001
"639",-93.3388917,40.9912021
"640",-96.1526985,43.3954333
"641",-93.9878427,41.2922367
"642",-92.6983868,41.329588
"643",-93.1779659,41.3173818
"644",-92.9375739,42.0407088
"645",-95.6457951,41.0624496
"646",-92.8577105,43.3710702
"647",-95.9832577,42.001594
"648",-92.8577105,41.0040981
"649",-95.1849219,41.0438839
"650",-91.135302,41.5156913
"651",-95.6457951,43.1131245
"652",-95.6037465,43.3851953
"653",-95.1432068,40.7635099
"654",-94.645035,43.1580878
"655",-96.1526985,42.776665
"656",-94.645035,42.6918039
"657",-93.5003454,41.6278423
"658",-95.4777811,41.3911501
"659",-92.539603,41.6530119
"660",-94.315422,40.7973811
"661",-95.1432068,42.3573517
"662",-90.6393702,41.6393199
"663",-95.3102505,41.7177667
"664",-96.1526985,43.0869936
"665",-93.5003454,42.1040438
"666",-92.539603,42.1292592
"667",-94.645035,40.7846069
"668",-94.2743628,41.0006855
"669",-91.9099238,40.7001158
"670",-92.3813621,41.0148894
"671",-93.5003454,41.3080549
"672",-91.7538817,41.3477966
"673",-93.3388917,40.6677356
"674",-94.1513764,42.3974963
"675",-93.6623239,43.3481922
"676",-91.9099238,43.2362611
"677",-95.9832577,42.3166158
"678",-93.3388917,43.3580686
"679",-93.6623239,42.7273744
"680",-95.3102505,37.9435853
"681",-95.3102505,38.2809328
"682",-95.3520876,39.5701137
"683",-98.7481167,37.2299788
"684",-98.7651482,38.3613844
"685",-94.8105955,37.7957092
"686",-95.4777811,39.770047
"687",-96.8350999,37.8649441
"688",-96.5783387,38.3007661
"689",-96.2800864,37.1738044
"690",-94.8105955,37.1142482
"691",-101.7979613,39.7877848
"692",-99.8124935,37.3158895
"693",-97.179026,39.34792
"694",-97.6982272,39.4795571
"695",-95.8142885,38.2570639
"696",-99.2785583,37.1894543
"697",-96.9209135,37.2660235
"698",-94.8105955,37.455799
"699",-100.5296115,39.7480368
"700",-97.179026,38.8505977
"701",-95.1849219,39.8245628
"702",-95.2684437,38.9107835
"703",-99.2785583,37.865958
"704",-96.1526985,37.3936365
"705",-99.2785583,38.8683549
"706",-98.2212979,38.615225
"707",-100.8903099,38.0625252
"708",-99.8124935,37.6540069
"709",-95.3102505,38.6165913
"710",-96.7922355,38.9984685
"711",-100.5296115,38.9271279
"712",-99.8124935,39.3198302
"713",-101.2523792,37.5245985
"714",-100.439656,37.6840811
"715",-101.7979613,38.4738028
"716",-96.1526985,37.9025905
"717",-101.7979613,37.9741668
"718",-98.0465185,37.1096002
"719",-97.3516558,38.0025215
"720",-100.8903099,37.5588285
"721",-99.9912254,38.1429747
"722",-95.8142885,39.4241422
"723",-95.3102505,39.2827652
"724",-98.2212979,39.7720227
"725",-94.8520636,38.845412
"726",-101.2523792,38.0281402
"727",-98.2212979,37.6071593
"728",-99.2785583,37.5285165
"729",-95.3102505,37.2639041
"730",-100.5296115,38.4294888
"731",-95.018246,39.1713075
"732",-98.2212979,39.1135788
"733",-94.8105955,38.1339574
"734",-101.1617356,38.9504774
"735",-96.1526985,38.4078037
"736",-97.6982272,38.3164433
"737",-97.179026,38.349424
"738",-96.4929797,39.717719
"739",-100.3497895,37.2698449
"740",-94.8105955,38.6381689
"741",-98.2212979,39.443669
"742",-95.8142885,37.240253
"743",-96.663812,38.7144832
"744",-101.7979613,37.1333387
"745",-95.9832577,39.7451077
"746",-95.3102505,37.6045688
"747",-99.9912254,38.4769509
"748",-99.9912254,39.7959566
"749",-95.6457951,38.6009003
"750",-98.7481167,39.4051157
"751",-97.6982272,39.1493836
"752",-99.2785583,38.2017581
"753",-99.3673084,39.766638
"754",-96.3226072,39.3976344
"755",-98.7481167,37.5691719
"756",-101.0711758,39.8600904
"757",-98.0465185,37.9569553
"758",-97.6982272,39.807989
"759",-98.2212979,38.2808698
"760",-96.8350999,39.3686475
"761",-99.2785583,39.3638509
"762",-99.2785583,38.5358968
"763",-98.7481167,38.9094717
"764",-97.6982272,38.8174853
"765",-100.8903099,38.562531
"766",-97.5247243,37.6537367
"767",-100.8903099,37.221014
"768",-95.8142885,39.0928449
"769",-100.439656,39.3470831
"770",-101.7979613,39.2982189
"771",-98.7481167,39.7333849
"772",-98.7481167,38.0749046
"773",-101.7979613,37.6390381
"774",-101.2523792,37.186894
"775",-97.6114217,37.2236052
"776",-101.0711758,39.3702882
"777",-99.8124935,38.9900316
"778",-96.1526985,38.9092089
"779",-101.7979613,38.9697127
"780",-97.179026,39.8413319
"781",-101.4339148,38.5102583
"782",-95.8142885,37.5808413
"783",-95.8142885,37.9197853
"784",-94.7691586,39.0986811
"785",-70.1707037,44.1912416
"786",-68.4766064,46.819941
"787",-70.3870587,43.8132979
"788",-70.3979538,45.0386059
"789",-68.3566919,44.5770308
"790",-69.7038278,44.4499153
"791",-68.9242652,43.9969995
"792",-69.511031,44.108282
"793",-70.7840564,44.4906897
"794",-68.5806727,45.3230777
"795",-69.3375071,45.7049857
"796",-69.7825531,43.8171265
"797",-69.9999212,45.5913402
"798",-69.2077896,44.5106837
"799",-67.6776835,44.9849315
"800",-70.6702521,43.4132697
"801",-83.6022398,44.6727944
"802",-86.5087741,46.927418
"803",-86.3376761,42.5709865
"804",-83.1116742,45.0168239
"805",-85.1769095,44.9730441
"806",-83.6773928,43.9973355
"807",-88.3010401,46.7352761
"808",-85.354965,42.5354321
"809",-84.0167423,43.7109732
"810",-86.2970998,44.678277
"811",-86.7416374,42.0320742
"812",-85.023346,41.8913835
"813",-85.023346,42.2073905
"814",-86.0121573,41.9299158
"815",-85.4374778,45.4342853
"816",-84.5636283,45.5472257
"817",-84.5932094,46.3117082
"818",-84.8567932,44.0565054
"819",-84.5222189,42.9663458
"820",-84.6897495,44.6524316
"821",-86.9844175,45.7124142
"822",-87.8616098,45.9601394
"823",-84.7733325,42.5886496
"824",-84.9769067,45.6418969
"825",-83.6773928,43.0777289
"826",-84.3542049,44.0327885
"827",-89.921474,46.4392785
"828",-85.520024,44.687984
"829",-84.6897495,43.2836505
"830",-84.5222189,41.8685961
"831",-88.5694012,47.1211215
"832",-82.820974,43.9466791
"833",-84.3542049,42.6468943
"834",-85.023346,42.9892119
"835",-83.6386226,44.3340462
"836",-88.4902778,46.2758153
"837",-84.8567932,43.598799
"838",-84.3542049,42.1764362
"839",-85.520024,42.2278346
"840",-85.023346,44.6674445
"841",-85.520024,43.0097027
"842",-88.3249369,47.7515686
"843",-85.8486236,43.9446996
"844",-83.1649001,43.0482433
"845",-86.0733634,45.0821226
"846",-84.0167423,41.8433859
"847",-83.8473015,42.6207951
"848",-85.513329,46.5827512
"849",-84.9963081,46.023372
"850",-82.820974,42.7168759
"851",-86.3242225,44.2444704
"852",-87.5593823,46.644579
"853",-86.4996546,43.9664537
"854",-85.354965,43.6201025
"855",-87.5746277,45.4995277
"856",-84.3542049,43.5750978
"857",-85.023346,44.366621
"858",-83.5070203,41.9738893
"859",-85.1894045,43.3057341
"860",-84.1403141,45.0742794
"861",-86.7416374,43.2831969
"862",-85.7666645,43.5593582
"863",-83.336188,42.5921924
"864",-86.6611083,43.6656285
"865",-84.1857115,44.3270741
"866",-89.3131189,46.8727913
"867",-85.354965,43.9257279
"868",-84.1857115,44.6278903
"869",-84.6482398,45.0992063
"870",-86.0937312,42.953023
"871",-83.597821,45.5729299
"872",-84.6897495,44.3516109
"873",-84.0167423,43.4044253
"874",-82.6483442,43.016179
"875",-85.520024,41.9118044
"876",-82.7347142,43.4069041
"877",-86.1903622,46.0693515
"878",-84.1857115,42.949754
"879",-83.5070203,43.5301144
"880",-86.0121573,42.2459665
"881",-83.8473015,42.3076493
"882",-83.336188,42.2790746
"883",-85.520024,44.387157
"884",-91.2891036,31.5305353
"885",-88.5951751,34.8984684
"886",-90.8294002,31.1683803
"887",-89.6251646,33.1683267
"888",-89.1705998,34.7712669
"889",-90.8294002,33.8829962
"890",-89.3226954,33.8839218
"891",-89.9253233,33.5279848
"892",-89.0179332,33.8818791
"893",-89.2847251,33.3914427
"894",-90.9438468,31.9438205
"895",-88.7108964,32.077218
"896",-88.8263006,33.6567838
"897",-90.6393702,34.1960298
"898",-90.3748354,31.9012453
"899",-89.5874819,31.6732735
"900",-89.9626799,34.9065453
"901",-89.2847251,31.2148677
"902",-90.8675134,31.4883928
"903",-88.6723578,30.8431226
"904",-88.7108964,31.1646163
"905",-89.8130356,33.7516314
"906",-89.5120084,30.3887582
"907",-89.0179332,30.432087
"908",-90.3748354,32.2648353
"909",-90.0746767,33.168866
"910",-90.5257823,33.1677834
"911",-91.0203224,32.8494351
"912",-88.4016041,34.2317882
"913",-88.556531,30.4278212
"914",-89.1705998,32.0810429
"915",-90.9820668,31.7157817
"916",-89.8130356,31.5825281
"917",-89.1705998,31.5343241
"918",-88.7108964,32.8018452
"919",-89.4742177,34.4186994
"920",-89.4742177,31.1699705
"921",-88.7108964,32.4401578
"922",-90.0746767,31.5369786
"923",-89.4742177,32.8073509
"924",-88.7108964,34.2354138
"925",-90.3748354,33.5274427
"926",-90.5257823,31.5359248
"927",-88.4403883,33.473423
"928",-90.0373201,32.6729459
"929",-89.7755338,31.1708442
"930",-89.4742177,34.7729491
"931",-88.556531,33.8773585
"932",-89.6251646,33.5274427
"933",-89.1705998,32.8057157
"934",-89.1705998,32.4440058
"935",-88.556531,33.1605608
"936",-88.90306,33.3886689
"937",-89.9253233,34.4198016
"938",-89.6251646,30.8034081
"939",-89.0179332,31.1673115
"940",-90.3748354,31.1704959
"941",-89.0179332,34.2382446
"942",-88.5178518,34.6324369
"943",-90.2620042,34.2863303
"944",-89.9253233,32.2653668
"945",-89.4742177,32.4456315
"946",-90.8294002,32.9860902
"947",-89.9253233,31.9017736
"948",-89.4742177,32.0826588
"949",-89.1705998,30.8013069
"950",-90.6773046,33.526164
"951",-90.1869644,33.9302578
"952",-89.9626799,34.6413971
"953",-88.864698,34.7688097
"954",-88.2461183,34.7615024
"955",-90.4125181,34.6407083
"956",-88.9796776,34.459946
"957",-90.1120696,31.125165
"958",-90.7913227,32.3989469
"959",-90.9438468,33.3001466
"960",-88.7108964,31.7130601
"961",-89.2847251,33.5707456
"962",-91.2891036,31.1646163
"963",-89.0179332,33.1650338
"964",-89.6759101,33.9768292
"965",-90.3748354,32.8078912
"966",-92.539603,40.1993655
"967",-94.8105955,39.9637436
"968",-95.4777811,40.423896
"969",-91.9099238,39.221953
"970",-93.8248241,36.6345264
"971",-94.315422,37.4748791
"972",-94.315422,38.3216754
"973",-93.3388917,38.3534598
"974",-90.0746767,37.2115595
"975",-92.3813621,39.0468547
"976",-94.8105955,39.6349791
"977",-90.3748354,36.6951341
"978",-93.9878427,39.6660775
"979",-91.9099238,38.8886044
"980",-92.6983868,38.0322944
"981",-89.6251646,37.3821319
"982",-93.5003454,39.5166572
"983",-90.9438468,36.9073725
"984",-94.315422,38.6574448
"985",-93.8655303,37.7031209
"986",-93.0175712,39.5301517
"987",-93.1779659,36.997644
"988",-91.7538817,40.3772378
"989",-94.479976,39.3176186
"990",-94.479976,39.6481768
"991",-92.2630393,38.5052486
"992",-92.8577105,38.8693247
"993",-91.2891036,38.0561057
"994",-93.9878427,37.4863609
"995",-93.0175712,37.6853001
"996",-93.9878427,39.9949074
"997",-94.43879,39.8554602
"998",-91.443469,37.544666
"999",-92.4999918,36.9708648
"1000",-90.055447,36.2364268
"1001",-91.135302,38.3953601
"1002",-91.4821482,38.4335915
"1003",-94.479976,40.1406981
"1004",-93.5003454,37.3311215
"1005",-93.5003454,40.1743786
"1006",-93.9878427,40.3219529
"1007",-93.8248241,38.3386592
"1008",-93.2986106,37.9747242
"1009",-95.1849219,40.0704458
"1010",-92.6983868,39.2064126
"1011",-91.9099238,36.8527979
"1012",-90.6773046,37.5515182
"1013",-94.315422,38.9914998
"1014",-94.356513,37.1745565
"1015",-90.5257823,38.2310301
"1016",-93.8248241,38.6744747
"1017",-92.2236667,40.2058437
"1018",-92.539603,37.6965235
"1019",-93.9878427,39.0031288
"1020",-93.8248241,37.1500679
"1021",-91.7538817,40.0500853
"1022",-90.9820668,39.0669568
"1023",-93.1779659,39.8556605
"1024",-93.5003454,39.8464073
"1025",-94.315422,36.617812
"1026",-92.539603,39.871344
"1027",-90.3748354,37.5528602
"1028",-91.949021,38.1738674
"1029",-91.637215,39.8464028
"1030",-93.5755526,40.3977043
"1031",-92.3813621,38.2081417
"1032",-89.3226954,36.8661576
"1033",-92.5792482,38.5827118
"1034",-92.0665197,39.5508815
"1035",-91.4821482,38.9365599
"1036",-92.8577105,38.3661344
"1037",-89.7755338,36.5227538
"1038",-94.315422,36.9618494
"1039",-94.8105955,40.2907281
"1040",-91.443469,36.6870089
"1041",-91.9099238,38.3853377
"1042",-92.3813621,36.6720061
"1043",-89.8130356,36.2195399
"1044",-89.7755338,37.723555
"1045",-93.3388917,38.6893153
"1046",-91.7538817,37.8806538
"1047",-91.2891036,39.3964742
"1048",-94.7691586,39.3475649
"1049",-93.3388917,37.6766686
"1050",-92.2236667,37.8727481
"1051",-92.9775558,40.4744901
"1052",-91.5983959,39.5582351
"1053",-92.4999918,39.4182626
"1054",-93.9878427,39.3354791
"1055",-90.9820668,37.378663
"1056",-90.8294002,36.6928452
"1057",-90.8294002,38.7338885
"1058",-93.8248241,38.001146
"1059",-90.2244662,37.8934532
"1060",-90.4879916,37.7652755
"1061",-90.4125181,38.6103023
"1062",-93.1779659,39.1943564
"1063",-92.4999918,40.4857709
"1064",-92.1843285,40.4921465
"1065",-89.6251646,37.0394443
"1066",-91.443469,37.2028249
"1067",-92.1057549,39.8388716
"1068",-89.9253233,36.8680558
"1069",-93.4599326,36.7748882
"1070",-93.1779659,40.1836505
"1071",-93.0175712,36.6576378
"1072",-91.9099238,37.3673645
"1073",-94.315422,37.8148489
"1074",-91.135302,38.7313284
"1075",-90.8294002,37.8907566
"1076",-90.5257823,37.0388739
"1077",-92.8577105,37.3483339
"1078",-94.315422,40.4730605
"1079",-92.539603,37.3555654
"1080",-113.1093046,45.2135118
"1081",-107.2715769,45.3496574
"1082",-108.9462246,48.6065395
"1083",-111.4519716,46.2693726
"1084",-109.100255,45.2820195
"1085",-104.3707837,45.4522431
"1086",-111.5453227,47.4688355
"1087",-110.4737958,48.0033098
"1088",-105.6225,46.2160876
"1089",-105.7248763,48.7744137
"1090",-104.8939302,47.2649012
"1091",-113.0212247,46.1095314
"1092",-104.4280327,46.3762402
"1093",-109.4141,47.2126745
"1094",-114.15315,48.424152
"1095",-111.1194231,45.5388865
"1096",-107.1263146,47.2662361
"1097",-112.919665,48.5217475
"1098",-109.1743851,46.3709324
"1099",-113.4647823,46.3374643
"1100",-110.0350875,48.7488096
"1101",-112.0752952,46.1450553
"1102",-110.2577109,47.0609367
"1103",-114.1339242,47.671374
"1104",-112.4029787,47.2963974
"1105",-110.9704148,48.4917189
"1106",-115.6596528,48.5880903
"1107",-105.8810734,47.4500913
"1108",-111.8865015,45.466729
"1109",-110.8848271,46.620195
"1110",-114.9626904,47.1497031
"1111",-113.6869923,47.0240503
"1112",-108.4064758,46.4218783
"1113",-110.6082522,45.4788485
"1114",-108.3203282,47.1565346
"1115",-107.8777779,48.4519289
"1116",-112.2886317,48.2321517
"1117",-105.5346556,45.2968361
"1118",-112.9745473,46.9311447
"1119",-105.4045355,46.7980893
"1120",-114.1817423,46.0174639
"1121",-104.8017491,47.9200496
"1122",-105.1099231,48.2850231
"1123",-106.6763274,46.2641948
"1124",-115.1316944,47.6109463
"1125",-104.4278092,48.701151
"1126",-112.5843056,45.8804293
"1127",-109.3922403,45.7001096
"1128",-109.8979908,45.7672796
"1129",-112.2717561,47.9019946
"1130",-111.6408212,48.6974247
"1131",-107.2586096,46.2106667
"1132",-106.8304776,48.2855732
"1133",-109.8418592,46.4922893
"1134",-104.3183897,46.7836649
"1135",-108.4343805,45.7856577
"1136",-118.4863963,39.6626678
"1137",-115.094045,36.0795613
"1138",-119.6499162,38.9265035
"1139",-115.2837585,41.2220182
"1140",-117.3616476,37.7866167
"1141",-115.9637979,39.5126741
"1142",-118.5500954,41.5931459
"1143",-116.9852422,40.0510104
"1144",-114.524264,37.660825
"1145",-119.1390642,38.9524739
"1146",-118.4863963,38.4343464
"1147",-116.0413889,38.5807111
"1148",-118.4863963,40.5685952
"1149",-119.5571677,39.4089847
"1150",-119.6035495,40.5608387
"1151",-114.524264,39.5564495
"1152",-71.4073938,43.5024246
"1153",-71.2506067,43.8128209
"1154",-72.236379,42.9259375
"1155",-71.2787267,44.7288907
"1156",-71.825994,43.9087929
"1157",-71.6673352,42.8334794
"1158",-71.6673352,43.2844846
"1159",-71.0497768,42.9931261
"1160",-71.0236044,43.238329
"1161",-72.236379,43.3770392
"1162",-74.6868815,39.5333379
"1163",-74.07701,40.9262762
"1164",-74.6868815,39.8558488
"1165",-75.0143824,39.8592439
"1166",-74.8273184,39.105884
"1167",-75.0611147,39.2587106
"1168",-74.2648829,40.7947466
"1169",-75.1078332,39.7103023
"1170",-74.0535126,40.7453199
"1171",-74.9208772,40.5669515
"1172",-74.7337069,40.3028533
"1173",-74.3587473,40.4111363
"1174",-74.123996,40.2589455
"1175",-74.5463282,40.8336038
"1176",-74.3118212,39.9652553
"1177",-74.3587473,41.1231647
"1178",-75.3878525,39.5848777
"1179",-74.6400432,40.5292099
"1180",-74.6868815,41.1288481
"1181",-74.2883536,40.6595001
"1182",-74.9208772,40.8841854
"1183",-106.6291304,35.0177854
"1184",-108.4276047,34.1515173
"1185",-104.4723301,33.4757392
"1186",-107.8583868,35.0947557
"1187",-104.4723301,36.5799757
"1188",-103.2663479,34.5751567
"1189",-104.3791912,34.2734196
"1190",-104.4723301,32.4170622
"1191",-108.2377519,32.9690805
"1192",-104.8454619,34.8235801
"1193",-103.8216261,35.8925537
"1194",-98.7623874,20.0910963
"1195",-103.3587288,32.8968816
"1196",-105.4068079,33.8853309
"1197",-106.2988937,35.8813636
"1198",-107.8583868,32.3259122
"1199",-108.2377519,35.7152472
"1200",-105.3300508,35.9742154
"1201",-105.5943388,32.6341716
"1202",-103.7289167,34.9569924
"1203",-106.7234639,36.6162892
"1204",-103.3587288,33.9538388
"1205",-106.7234639,35.6020667
"1206",-108.2377519,36.3882439
"1207",-104.8454619,35.5117793
"1208",-105.9699878,35.3653705
"1209",-107.1011931,33.134596
"1210",-106.7234639,33.8837087
"1211",-105.5943388,36.4358718
"1212",-105.9699878,34.6784317
"1213",-103.3587288,36.3724334
"1214",-106.6291304,34.6743674
"1215",-79.4253776,36.0117388
"1216",-81.2078164,35.8974199
"1217",-81.1196075,36.4940839
"1218",-80.1875065,34.9054732
"1219",-81.4718387,36.4339674
"1220",-81.909826,36.1198414
"1221",-76.9182097,35.4613504
"1222",-76.964306,36.0245185
"1223",-78.5660852,34.5882404
"1224",-78.2020387,34.0275398
"1225",-82.4752757,35.5931377
"1226",-81.734942,35.7616931
"1227",-80.5882803,35.4168123
"1228",-81.5596427,35.9227448
"1229",-76.0391909,36.2600564
"1230",-76.5488232,34.9019263
"1231",-79.2902133,36.3860217
"1232",-81.2518833,35.6840748
"1233",-79.17807,35.7211289
"1234",-84.059029,35.1134803
"1235",-76.6181655,36.1354131
"1236",-83.7199136,35.0964003
"1237",-81.6035062,35.361354
"1238",-78.7476208,34.2548658
"1239",-77.0564464,35.0877672
"1240",-78.7476208,34.9542604
"1241",-75.946324,36.4189826
"1242",-75.6208088,35.6549619
"1243",-80.1875065,35.7748479
"1244",-80.5882803,35.9367033
"1245",-78.0195387,34.8840095
"1246",-78.9031279,36.0221805
"1247",-77.6536125,35.8840053
"1248",-80.1875065,36.1200003
"1249",-78.2426748,36.0741417
"1250",-81.2078164,35.2895651
"1251",-76.6874701,36.4202077
"1252",-83.804868,35.3634623
"1253",-78.6114999,36.2799451
"1254",-77.6994197,35.5013936
"1255",-79.8296743,36.0899873
"1256",-77.6077865,36.2646764
"1257",-78.8835548,35.3578648
"1258",-82.9931607,35.624394
"1259",-82.4319405,35.3725873
"1260",-77.0564464,36.3761772
"1261",-79.2451149,35.0432488
"1262",-76.1783739,35.3777712
"1263",-80.8986502,35.8310501
"1264",-83.1220074,35.3265409
"1265",-78.3842227,35.4403514
"1266",-77.3324425,35.0306293
"1267",-79.1548533,35.4693744
"1268",-77.6077865,35.2326725
"1269",-81.2078164,35.4637028
"1270",-82.0842901,35.6984405
"1271",-83.336188,35.1197519
"1272",-82.6915429,35.8237518
"1273",-77.1485163,35.8733053
"1274",-80.8543847,35.2632655
"1275",-82.1496049,36.0277763
"1276",-79.8744836,35.3587922
"1277",-79.4703885,35.3674493
"1278",-77.973865,35.9597948
"1279",-77.8824596,34.2154913
"1280",-77.4242972,36.4159635
"1281",-77.4701972,34.6540094
"1282",-79.1096901,36.0263022
"1283",-76.6874701,35.1337865
"1284",-76.317414,36.2927068
"1285",-77.8367282,34.5170729
"1286",-76.4100267,36.1329763
"1287",-78.9288242,36.3528221
"1288",-77.4242972,35.5589221
"1289",-82.1713632,35.2686842
"1290",-79.8296743,35.7449531
"1291",-79.7848422,35.003045
"1292",-79.1096901,34.6383858
"1293",-79.8296743,36.4335041
"1294",-80.543845,35.6303455
"1295",-81.909826,35.4258737
"1296",-78.3842227,34.9197548
"1297",-79.4703885,34.8451203
"1298",-80.2321313,35.3014554
"1299",-80.2321313,36.4244396
"1300",-80.6770787,36.3743453
"1301",-83.4643551,35.4328955
"1302",-82.7778579,35.2190534
"1303",-76.1783739,35.8925537
"1304",-80.543845,34.9338651
"1305",-78.4297187,36.3479057
"1306",-78.5660852,35.8031909
"1307",-78.0195387,36.4352131
"1308",-76.5950555,35.8120333
"1309",-81.734942,36.1941825
"1310",-77.973865,35.3565499
"1311",-81.2518833,36.202858
"1312",-77.8824596,35.6925497
"1313",-80.6770787,36.2023597
"1314",-82.345189,35.888897
"1315",-102.5179098,46.0594591
"1316",-98.1222338,46.926176
"1317",-99.4648442,48.088634
"1318",-103.3906121,47.0560305
"1319",-100.7486336,48.7820733
"1320",-103.556038,46.0945462
"1321",-102.4633691,48.7704377
"1322",-100.5049676,47.0448552
"1323",-97.1215579,47.071168
"1324",-98.4781106,48.8103752
"1325",-98.4554399,46.1265285
"1326",-103.582951,48.8056154
"1327",-102.72602,47.2121625
"1328",-98.8871816,47.6963964
"1329",-100.2953039,46.2061318
"1330",-98.874618,47.4991972
"1331",-103.7914154,47.0077031
"1332",-97.3594525,48.0037819
"1333",-101.5535564,46.3951108
"1334",-98.2554295,47.3876664
"1335",-102.4557007,46.3771987
"1336",-99.7506856,46.8766313
"1337",-98.5457951,46.4284976
"1338",-99.5270202,46.5056729
"1339",-100.7008406,48.3814671
"1340",-99.376592,46.054323
"1341",-103.4122495,47.7714179
"1342",-101.131122,47.6185079
"1343",-101.8628783,47.385292
"1344",-101.1621736,46.6683872
"1345",-102.326433,48.2169859
"1346",-98.1259898,47.9519514
"1347",-101.342985,47.1217918
"1348",-97.4487964,48.7199939
"1349",-100.0575335,48.0379438
"1350",-98.7287191,48.3076017
"1351",-97.6257919,46.4937656
"1352",-101.6334298,48.8582263
"1353",-96.8958656,46.1546779
"1354",-99.8791166,48.6981517
"1355",-97.6152418,46.1089195
"1356",-100.2844016,47.5391971
"1357",-101.1175392,46.0512004
"1358",-103.5021012,46.4129398
"1359",-102.6554727,46.8250004
"1360",-97.688456,47.4272265
"1361",-98.9909139,46.939184
"1362",-99.2761104,48.7485974
"1363",-97.1256368,47.4636775
"1364",-97.7528872,48.3777874
"1365",-101.5805256,48.2147451
"1366",-99.5751845,47.5217126
"1367",-103.2923954,48.432044
"1368",-83.5070203,38.8907822
"1369",-84.1435136,40.769946
"1370",-82.3017728,40.9435588
"1371",-80.7214417,41.9396982
"1372",-82.12784,39.3030308
"1373",-84.3542049,40.5781556
"1374",-80.8986502,40.0325848
"1375",-83.8473015,38.9092089
"1376",-84.5222189,39.440463
"1377",-81.0754657,40.5328331
"1378",-83.804868,40.1025817
"1379",-83.6773928,39.8912092
"1380",-84.1857115,39.0928449
"1381",-83.8473015,39.4067432
"1382",-80.7657804,40.7902581
"1383",-81.9534815,40.2735823
"1384",-82.9931607,40.8268068
"1385",-81.67582,41.433923
"1386",-84.6897495,40.1056572
"1387",-84.4802606,41.3491725
"1388",-83.0361376,40.3033098
"1389",-82.4752757,41.4349882
"1390",-82.6483442,39.830506
"1391",-83.4643551,39.5919809
"1392",-82.9931607,40.0154745
"1393",-84.1435136,41.5719341
"1394",-82.345189,38.8619254
"1395",-81.2078164,41.4641521
"1396",-83.8897057,39.697399
"1397",-81.4278984,40.0731129
"1398",-84.564147,39.2355447
"1399",-83.6773928,41.0273131
"1400",-83.6773928,40.704961
"1401",-81.1196075,40.3340479
"1402",-84.0167423,41.3659897
"1403",-83.5070203,39.2228606
"1404",-82.4752757,39.4909358
"1405",-81.909826,40.5540928
"1406",-82.6483442,41.1266687
"1407",-82.6483442,39.0060382
"1408",-80.7657804,40.3871722
"1409",-82.3017728,40.459564
"1410",-81.2518833,41.981532
"1411",-82.5185837,38.6232686
"1412",-82.4752757,40.1460895
"1413",-83.8473015,40.3899679
"1414",-82.12784,41.4116881
"1415",-83.3789389,41.6894388
"1416",-83.3789389,39.9154985
"1417",-80.7214417,40.9871753
"1418",-83.1220074,40.5518645
"1419",-81.9534815,41.080133
"1420",-81.9971108,39.0874307
"1421",-84.6897495,40.5940548
"1422",-84.1857115,40.081473
"1423",-81.0754657,39.7199038
"1424",-84.3542049,39.7620028
"1425",-81.8224362,39.6521907
"1426",-82.8007993,40.5303751
"1427",-81.9534815,39.9478393
"1428",-81.4278984,39.7465639
"1429",-82.9931607,41.6268435
"1430",-84.6897495,41.0783882
"1431",-82.2583297,39.7641353
"1432",-82.9931607,39.687828
"1433",-83.0361376,39.0713471
"1434",-81.2518833,41.1887572
"1435",-84.6897495,39.7778251
"1436",-84.1857115,41.0540759
"1437",-82.5185837,40.7566723
"1438",-82.9931607,39.3584253
"1439",-83.1220074,41.3559092
"1440",-82.9931607,38.861065
"1441",-83.1649001,41.1585179
"1442",-84.2278796,40.3689335
"1443",-81.2518833,40.8684676
"1444",-81.5596427,41.0918991
"1445",-80.7214417,41.3064984
"1446",-81.4278984,40.3978972
"1447",-83.336188,40.3616382
"1448",-84.564147,40.871234
"1449",-82.5185837,39.2875595
"1450",-84.1857115,39.4241422
"1451",-81.4718387,39.4626397
"1452",-81.9534815,40.7588598
"1453",-84.5222189,41.5507602
"1454",-83.6773928,41.3478458
"1455",-83.336188,40.8471492
"1456",-94.645035,35.9127307
"1457",-98.3964938,36.7435919
"1458",-95.9832577,34.4509901
"1459",-100.5296115,36.7440186
"1460",-99.634135,35.2687266
"1461",-98.3964938,35.8825489
"1462",-96.3226072,33.902127
"1463",-98.3088441,35.10556
"1464",-98.0465185,35.5593784
"1465",-97.3516558,34.1996254
"1466",-94.976654,35.8994729
"1467",-95.5197394,33.9851472
"1468",-102.6216211,36.7936335
"1469",-97.3516558,35.254964
"1470",-96.2800864,34.568577
"1471",-98.3964938,34.6612778
"1472",-98.3964938,34.309094
"1473",-95.1432068,36.7571907
"1474",-96.3226072,35.8362494
"1475",-98.9245343,35.6710818
"1476",-94.8105955,36.4263135
"1477",-98.9245343,36.017265
"1478",-99.8124935,36.2920072
"1479",-97.87216,36.4361392
"1480",-97.3516558,34.7289063
"1481",-97.87216,35.0472662
"1482",-97.6982272,36.79093
"1483",-99.456155,34.9338651
"1484",-99.8124935,34.7305114
"1485",-99.634135,36.8203755
"1486",-95.1015225,35.2393825
"1487",-96.3226072,35.1380279
"1488",-99.456155,34.5834576
"1489",-97.87216,34.1672949
"1490",-96.6210611,34.2855117
"1491",-97.179026,36.8234478
"1492",-97.87216,35.9181468
"1493",-98.9245343,34.9742541
"1494",-95.3102505,34.835035
"1495",-94.645035,34.8622042
"1496",-96.8350999,35.6342646
"1497",-97.5247243,35.9404623
"1498",-97.2221421,33.985839
"1499",-97.4814163,35.0282316
"1500",-94.8105955,34.1481711
"1501",-95.6457951,35.3466151
"1502",-98.5281613,36.3479671
"1503",-96.7922355,34.0103349
"1504",-95.3102505,36.2322429
"1505",-97.0498442,34.4383273
"1506",-95.3102505,35.7111198
"1507",-97.179026,36.4799034
"1508",-95.6457951,36.7344388
"1509",-96.3226072,35.4878871
"1510",-97.3516558,35.6038323
"1511",-95.9832577,35.6795873
"1512",-96.2375947,36.6189367
"1513",-94.8105955,36.7710787
"1514",-96.7065914,36.2918339
"1515",-97.0068393,36.1449988
"1516",-95.8142885,34.9879281
"1517",-96.663812,34.7685043
"1518",-97.0068393,35.275439
"1519",-95.3102505,34.4820384
"1520",-99.634135,35.616176
"1521",-95.6457951,36.3898068
"1522",-96.663812,35.1197519
"1523",-94.7691586,35.5155322
"1524",-97.87216,34.5203466
"1525",-101.4339148,36.8301318
"1526",-98.9245343,34.4478348
"1527",-95.940971,36.1593471
"1528",-95.5197394,35.9192397
"1529",-95.940971,36.6770984
"1530",-98.9245343,35.3234027
"1531",-98.7481167,36.7181862
"1532",-99.3673084,36.413792
"1533",-117.67692,44.7652304
"1534",-123.3873877,44.6281686
"1535",-122.1188945,45.2023855
"1536",-123.7653042,46.0210796
"1537",-123.0357231,45.9197103
"1538",-124.105737,43.242897
"1539",-120.0963654,44.0978126
"1540",-124.2781762,42.5440503
"1541",-121.2616541,43.83251
"1542",-123.2492364,43.1260694
"1543",-120.1802024,45.4565608
"1544",-118.8917326,44.4384077
"1545",-119.0116305,43.1423225
"1546",-121.6378798,45.5605475
"1547",-122.7646577,42.334535
"1548",-121.1785788,44.6673324
"1549",-123.4568737,42.3447572
"1550",-121.6142133,42.6952767
"1551",-120.565768,42.6986344
"1552",-122.6618227,43.9610092
"1553",-123.9423591,44.609549
"1554",-122.53401,44.4099768
"1555",-117.5791892,43.21716
"1556",-122.5927411,44.8446393
"1557",-119.6243921,45.4514124
"1558",-122.5863211,45.5145659
"1559",-123.4919256,44.9266528
"1560",-120.753042,45.4122013
"1561",-123.7052374,45.5293478
"1562",-118.7606453,45.7750424
"1563",-118.0410627,45.2334122
"1564",-116.9717994,45.592984
"1565",-121.2375122,45.0600051
"1566",-123.1386021,45.5469616
"1567",-120.0829624,44.6659766
"1568",-123.2395303,45.1771983
"1569",-77.2864879,39.8522417
"1570",-80.0087746,40.4450813
"1571",-79.4703885,40.8790518
"1572",-80.365865,40.6367812
"1573",-78.5660852,39.986955
"1574",-75.9927652,40.3451566
"1575",-78.3842227,40.4531318
"1576",-76.5488232,41.8362502
"1577",-75.2479061,40.4107964
"1578",-79.8296743,40.9115243
"1579",-78.7476208,40.4894231
"1580",-78.1564432,41.4261564
"1581",-75.667356,40.901975
"1582",-77.8367282,40.8765649
"1583",-75.8069082,40.0010204
"1584",-79.4703885,41.1982095
"1585",-78.5660852,40.9519685
"1586",-77.6536125,41.3331937
"1587",-76.3637285,41.0274439
"1588",-80.2767327,41.6661391
"1589",-77.2405153,40.1299841
"1590",-76.7336521,40.2734277
"1591",-75.3878525,39.907793
"1592",-78.5660852,41.4284924
"1593",-80.1875065,42.0521954
"1594",-79.6502105,39.9272324
"1595",-79.2451149,41.5341012
"1596",-77.6536125,39.8923855
"1597",-78.1564432,39.9048759
"1598",-80.1875065,39.8113005
"1599",-78.0195387,40.4155273
"1600",-79.1096901,40.6850762
"1601",-78.9288242,41.147013
"1602",-77.4242972,40.5521642
"1603",-75.5742467,41.4421199
"1604",-76.1783739,40.0466571
"1605",-80.365865,40.957855
"1606",-76.5025742,40.3666686
"1607",-75.5742467,40.6519679
"1608",-75.9927652,41.1404353
"1609",-77.1024902,41.2720004
"1610",-78.4751945,41.8133351
"1611",-80.1875065,41.2619821
"1612",-77.6077865,40.652279
"1613",-75.2479061,41.0458376
"1614",-75.3878525,40.2290075
"1615",-76.6874701,41.0262303
"1616",-75.294569,40.7749283
"1617",-76.6874701,40.8674339
"1618",-77.2405153,40.371376
"1619",-75.1311874,40.0152766
"1620",-75.0611147,41.3361875
"1621",-77.8367282,41.6682559
"1622",-76.1783739,40.6873058
"1623",-77.0564464,40.750748
"1624",-78.9288242,40.022493
"1625",-76.5025742,41.4781004
"1626",-75.8069082,41.745553
"1627",-77.2864879,41.7649466
"1628",-77.0564464,40.9894888
"1629",-79.8296743,41.3896611
"1630",-79.2902133,41.8143331
"1631",-80.1875065,40.1367719
"1632",-75.2479061,41.6738865
"1633",-79.4703885,40.2353963
"1634",-76.0391909,41.5004703
"1635",-76.7336521,39.9512496
"1636",-82.4752757,34.1891221
"1637",-81.6035062,33.6005783
"1638",-81.3839326,33.0059695
"1639",-82.6483442,34.5528328
"1640",-81.0754657,33.2074402
"1641",-81.4718387,33.279925
"1642",-80.7214417,32.2860396
"1643",-80.0087746,33.1260618
"1644",-80.7657804,33.6738638
"1645",-79.7848422,32.7956561
"1646",-81.6035062,35.0120404
"1647",-81.1196075,34.6707995
"1648",-80.1428584,34.6830936
"1649",-80.1875065,33.6734243
"1650",-80.7214417,32.8242297
"1651",-80.0087746,34.3649897
"1652",-79.4253776,34.3596012
"1653",-80.543845,33.1680383
"1654",-81.9534815,33.8015886
"1655",-81.0754657,34.4478348
"1656",-79.6502105,33.9828684
"1657",-79.2902133,33.4213399
"1658",-82.345189,34.9297484
"1659",-82.12784,34.1672949
"1660",-81.1196075,32.8084577
"1661",-78.9288242,33.9196567
"1662",-81.0754657,32.491436
"1663",-80.5882803,34.3671762
"1664",-80.6770787,34.7253411
"1665",-82.12784,34.5203466
"1666",-80.2321313,34.1630345
"1667",-81.2518833,33.9309651
"1668",-82.2934585,33.9134577
"1669",-79.3352899,34.0879705
"1670",-79.6951103,34.5582435
"1671",-81.6035062,34.309094
"1672",-82.9931607,34.749245
"1673",-81.0754657,33.5635155
"1674",-82.6483442,34.9046217
"1675",-80.9428911,34.0412165
"1676",-81.734942,34.008713
"1677",-81.9534815,34.860551
"1678",-80.4103957,33.9123048
"1679",-81.6035062,34.6612778
"1680",-79.6502105,33.6293606
"1681",-81.2518833,34.9871367
"1682",-98.5721016,43.6983477
"1683",-98.2212979,44.4797351
"1684",-101.6157773,43.1223577
"1685",-97.87216,42.9814835
"1686",-96.8350999,44.4211592
"1687",-98.2542652,45.7581522
"1688",-99.1013498,43.6572515
"1689",-99.2785583,44.0976225
"1690",-103.7008932,44.9251992
"1691",-100.0676709,45.84151
"1692",-98.3964938,43.0985109
"1693",-97.7180753,44.8139587
"1694",-97.0068393,42.8829344
"1695",-97.2348746,44.9953593
"1696",-101.690976,45.7623333
"1697",-103.4511768,43.6784067
"1698",-98.2212979,43.7242124
"1699",-97.7023716,45.4167482
"1700",-96.663812,44.7311414
"1701",-100.7110465,45.2486497
"1702",-98.3964938,43.4059132
"1703",-99.181873,45.458626
"1704",-103.4511768,43.2240279
"1705",-99.1531325,45.0827008
"1706",-96.7507035,45.1752383
"1707",-99.1013498,43.1983133
"1708",-101.5248055,44.2671365
"1709",-97.179026,44.6998712
"1710",-99.0128926,44.494661
"1711",-97.6982272,43.6082107
"1712",-103.5995692,45.5482666
"1713",-99.8124935,44.3535022
"1714",-97.6982272,43.3017202
"1715",-99.456155,44.5334083
"1716",-101.5248055,43.6648065
"1717",-98.6160674,44.0364698
"1718",-100.7097867,43.9715804
"1719",-97.5247243,44.3777311
"1720",-97.179026,43.9466791
"1721",-103.7979877,44.310653
"1722",-96.8350999,43.2026862
"1723",-99.8124935,43.9016694
"1724",-97.3516558,43.6310744
"1725",-99.2784129,45.7555982
"1726",-97.6046235,45.7271214
"1727",-102.6855069,44.4415188
"1728",-100.7097867,43.5169738
"1729",-97.6982272,44.0643951
"1730",-96.8350999,43.6631787
"1731",-96.663812,43.9779303
"1732",-102.2547919,43.8901111
"1733",-102.3224309,45.3888403
"1734",-99.9904285,45.0875052
"1735",-97.0335771,45.611639
"1736",-98.0465185,44.0403291
"1737",-102.6216211,43.2437442
"1738",-98.3516918,44.844023
"1739",-100.8000051,44.3386264
"1740",-100.0681792,44.7797647
"1741",-100.7097867,43.2115664
"1742",-99.7232673,43.2236446
"1743",-97.179026,43.3355563
"1744",-96.7065914,42.8621348
"1745",-100.0944336,45.381146
"1746",-97.3516558,43.016179
"1747",-101.702202,44.8481045
"1748",-84.2278796,36.0809574
"1749",-86.4592091,35.4702472
"1750",-88.050979,36.1170244
"1751",-85.2308414,35.6028856
"1752",-83.8473015,35.6710541
"1753",-84.8567932,35.1937778
"1754",-84.1857115,36.3817326
"1755",-86.0529604,35.8070317
"1756",-88.4016041,35.9917193
"1757",-82.12784,36.2638604
"1758",-87.1023746,36.184749
"1759",-88.6723578,35.4270939
"1760",-83.634843,36.4830423
"1761",-85.56121,36.5701766
"1762",-83.1220074,35.9359517
"1763",-86.0529604,35.4576849
"1764",-89.1324866,35.7812386
"1765",-85.023346,35.8994729
"1766",-86.8220341,36.1342563
"1767",-88.1291387,35.595087
"1768",-85.80766,35.9728357
"1769",-87.3016132,36.1459799
"1770",-89.436391,36.0445248
"1771",-89.4742177,35.1257427
"1772",-84.8984775,36.37106
"1773",-86.0529604,35.1946865
"1774",-88.864698,35.9969735
"1775",-86.9824288,35.0894745
"1776",-83.5496566,36.3059333
"1777",-82.820974,36.1347943
"1778",-85.684578,35.4013452
"1779",-83.2934086,36.2054334
"1780",-85.1479364,35.1618966
"1781",-83.2077645,36.5456022
"1782",-89.0179332,35.1229172
"1783",-88.2461183,35.1142443
"1784",-82.9501558,36.4445545
"1785",-89.2621216,35.593858
"1786",-88.4016041,35.6427245
"1787",-88.2461183,36.3369938
"1788",-87.460397,35.8012797
"1789",-87.658113,36.283619
"1790",-87.7369607,36.0245773
"1791",-85.643487,36.4004931
"1792",-83.4643551,36.0417825
"1793",-81.8224362,36.4585672
"1794",-83.9419784,35.9874629
"1795",-89.4931176,36.3270676
"1796",-89.6628111,35.7838834
"1797",-87.460397,35.2761735
"1798",-87.5000082,35.4962054
"1799",-86.6207943,35.1239397
"1800",-84.3121264,35.7374411
"1801",-84.6479124,35.4037048
"1802",-88.556531,35.1183208
"1803",-85.971322,36.4983882
"1804",-88.864698,35.6479574
"1805",-85.643487,35.0928512
"1806",-86.7818523,35.4792517
"1807",-87.1422895,35.6195242
"1808",-84.7942091,35.519359
"1809",-84.2278796,35.471793
"1810",-87.460397,36.4960406
"1811",-86.357952,35.2700506
"1812",-84.6479124,36.1004285
"1813",-89.1705998,36.3469439
"1814",-85.3136218,36.3880346
"1815",-87.8942451,35.6786596
"1816",-85.1479364,36.5541091
"1817",-84.564147,35.1371578
"1818",-85.4788065,36.134602
"1819",-84.981754,35.5927914
"1820",-84.564147,35.836117
"1821",-86.8621827,36.5250666
"1822",-86.3376761,35.7724263
"1823",-84.5222189,36.3976209
"1824",-85.3962769,35.3469428
"1825",-83.5070203,35.8271682
"1826",-89.9253233,35.1268552
"1827",-85.971322,36.2388468
"1828",-87.7763333,36.5023236
"1829",-82.345189,36.4933147
"1830",-86.4996546,36.4718084
"1831",-89.7379958,35.5217179
"1832",-86.1548269,36.396385
"1833",-82.5185837,36.073032
"1834",-83.804868,36.3194272
"1835",-85.4788065,35.6996916
"1836",-85.80766,35.7115652
"1837",-82.5185837,36.3321016
"1838",-87.7763333,35.282369
"1839",-88.7108964,36.3428865
"1840",-85.520024,35.9189882
"1841",-86.8621827,35.9179271
"1842",-86.2970998,36.1626241
"1843",-95.6457951,31.776932
"1844",-102.7135121,32.342627
"1845",-94.645035,31.2704698
"1846",-96.9638624,28.0761262
"1847",-98.7481167,33.5761511
"1848",-101.4339148,34.937162
"1849",-98.5721016,28.8661281
"1850",-96.2800864,29.8711291
"1851",-102.8975098,34.0913057
"1852",-99.2785583,29.7404135
"1853",-97.3516558,30.0458708
"1854",-99.2785583,33.5373926
"1855",-97.6982272,28.3624206
"1856",-97.5247243,31.134411
"1857",-98.5721016,29.4200763
"1858",-98.3964938,30.3500511
"1859",-101.4339148,32.8233108
"1860",-97.6982272,31.8507607
"1861",-94.479976,33.4473287
"1862",-95.4777811,29.2131857
"1863",-96.3226072,30.6504141
"1864",-103.3587288,29.6629938
"1865",-101.1617356,34.526178
"1866",-98.2212979,27.0273057
"1867",-98.9245343,31.7705105
"1868",-96.663812,30.4500257
"1869",-98.2212979,30.7270349
"1870",-97.6699144,29.8849106
"1871",-96.663812,28.4169365
"1872",-99.456155,32.2728116
"1873",-97.5247243,26.1284971
"1874",-94.9974461,32.9567043
"1875",-101.4339148,35.4578717
"1876",-94.315422,33.0944342
"1877",-102.3463875,34.4985047
"1878",-94.6863782,29.7524956
"1879",-95.1432068,31.7981828
"1880",-100.1703257,34.5257527
"1881",-98.2212979,33.7900416
"1882",-102.8975098,33.5643803
"1883",-100.5296115,31.8277663
"1884",-99.456155,31.7320219
"1885",-96.4929797,33.1795213
"1886",-100.3497895,35.0351623
"1887",-96.4929797,29.5378648
"1888",-98.2212979,29.8105572
"1889",-98.5721016,31.9755461
"1890",-99.8124935,31.3431641
"1891",-97.3516558,33.6672185
"1892",-97.87216,31.4774358
"1893",-100.3497895,34.159117
"1894",-102.5298028,31.4654966
"1895",-101.1617356,30.5977955
"1896",-101.2523792,33.5500004
"1897",-104.4723301,31.347767
"1898",-102.5298028,36.20745
"1899",-96.8350999,32.8024682
"1900",-101.9804613,32.7717423
"1901",-102.5298028,35.0017354
"1902",-95.7721204,33.3493128
"1903",-97.179026,33.1418611
"1904",-97.3516558,29.1235194
"1905",-100.7097867,33.5985109
"1906",-99.8124935,28.4116514
"1907",-100.8903099,34.9875355
"1908",-98.5721016,27.7525271
"1909",-98.7481167,32.3240465
"1910",-102.5298028,31.8246483
"1911",-100.439656,29.9282955
"1912",-96.8350999,32.2619765
"1913",-106.2051484,31.8039824
"1914",-98.2212979,32.1793404
"1915",-97.0068393,31.1636412
"1916",-96.1526985,33.5544296
"1917",-96.8350999,29.8896442
"1918",-100.3497895,32.7398733
"1919",-101.2523792,34.0791533
"1920",-99.7678687,33.9865825
"1921",-95.8142885,29.5692614
"1922",-95.1849219,33.1959954
"1923",-96.1526985,31.7534889
"1924",-99.1013498,28.831355
"1925",-102.7135121,32.6987519
"1926",-94.8520636,29.3763499
"1927",-101.2523792,33.1955897
"1928",-98.9245343,30.314993
"1929",-101.6157773,31.912308
"1930",-97.3516558,28.5673709
"1931",-97.5247243,29.4834878
"1932",-100.8903099,35.3352558
"1933",-96.663812,33.7062406
"1934",-94.8520636,32.4892547
"1935",-95.9832577,30.4829853
"1936",-97.87216,29.6477307
"1937",-101.8891721,34.1064941
"1938",-100.7097867,34.4793521
"1939",-98.2212979,31.6368668
"1940",-101.4339148,36.3183749
"1941",-99.634135,34.2177242
"1942",-94.315422,30.364764
"1943",-95.3102505,29.7751825
"1944",-94.315422,32.5539228
"1945",-102.5298028,35.8647957
"1946",-99.8124935,33.1403423
"1947",-98.0028892,30.0537607
"1948",-100.3497895,35.9022267
"1949",-95.8142885,32.1321367
"1950",-98.2212979,26.4656319
"1951",-97.179026,32.0621768
"1952",-102.3463875,33.6212592
"1953",-97.8286368,32.4296296
"1954",-95.4777811,33.2282942
"1955",-95.4777811,31.2377559
"1956",-101.4339148,32.2875944
"1957",-105.5943388,31.5707433
"1958",-96.1526985,33.1967938
"1959",-101.4339148,35.8031909
"1960",-100.8903099,31.2557696
"1961",-98.2212979,33.2560382
"1962",-96.5356449,28.9340886
"1963",-93.9878427,30.9263644
"1964",-104.1930918,30.750805
"1965",-94.1513764,29.8165398
"1966",-98.7481167,26.995506
"1967",-98.0465185,27.7841718
"1968",-97.3516558,32.4133566
"1969",-99.8124935,32.7833435
"1970",-97.87216,28.9089085
"1971",-96.3089299,32.5889211
"1972",-98.7481167,29.9603413
"1973",-97.6982272,26.8697147
"1974",-100.7097867,33.2438434
"1975",-99.456155,30.0945305
"1976",-99.8124935,30.4338473
"1977",-100.1703257,33.644342
"1978",-100.3497895,29.2934865
"1979",-97.6982272,27.4308339
"1980",-99.8124935,33.6734243
"1981",-95.6457951,33.75694
"1982",-102.3463875,34.1486153
"1983",-98.2212979,31.2737682
"1984",-99.1013498,28.2758921
"1985",-96.8350999,29.3359054
"1986",-96.9638624,30.2967161
"1987",-95.9832577,31.2152685
"1988",-94.8105955,30.1633593
"1989",-96.663812,31.5461078
"1990",-100.3497895,36.2464455
"1991",-98.0465185,28.342294
"1992",-98.7481167,30.692528
"1993",-103.6362715,31.8883434
"1994",-101.7979613,33.6753624
"1995",-101.7979613,33.1446401
"1996",-99.2785583,31.2016122
"1997",-97.179026,31.5182285
"1998",-98.5721016,28.3102323
"1999",-95.940971,30.9888479
"2000",-94.356513,32.7780679
"2001",-101.9804613,32.2364722
"2002",-99.2785583,30.6556091
"2003",-95.9832577,28.8204837
"2004",-100.3497895,28.7410473
"2005",-99.0128926,29.2987871
"2006",-99.8124935,30.9802428
"2007",-101.9804613,31.8781368
"2008",-96.9795011,30.8092642
"2009",-98.5721016,31.6137467
"2010",-100.8903099,32.3360516
"2011",-97.6982272,33.6460993
"2012",-95.4777811,30.3213482
"2013",-101.8891721,35.8446761
"2014",-94.7691586,33.122847
"2015",-100.7097867,34.1280332
"2016",-94.645035,31.6353071
"2017",-96.4929797,32.0991878
"2018",-93.6623239,30.9359604
"2019",-100.3497895,32.3818737
"2020",-97.4814163,27.7693351
"2021",-100.8000051,36.2921544
"2022",-102.6216211,35.4247226
"2023",-93.8655303,30.1484033
"2024",-98.3104184,32.7511956
"2025",-94.315422,32.1920035
"2026",-97.87216,32.7415519
"2027",-102.7135121,34.4604292
"2028",-102.6216211,30.8253214
"2029",-94.8105955,30.7150882
"2030",-101.9804613,35.404373
"2031",-104.1001326,29.9480666
"2032",-95.7721204,32.9009129
"2033",-101.7979613,34.9020377
"2034",-101.5248055,31.2903569
"2035",-99.8124935,29.8851459
"2036",-94.976654,33.6072302
"2037",-103.7289167,31.4307975
"2038",-97.1359377,28.3465339
"2039",-100.8903099,35.8540979
"2040",-96.4929797,31.0080004
"2041",-96.365157,32.8721646
"2042",-99.9912254,31.8714508
"2043",-94.8105955,32.1741887
"2044",-93.8248241,31.2974233
"2045",-94.1513764,31.4699363
"2046",-95.1432068,30.5187687
"2047",-97.5247243,27.9999695
"2048",-98.7481167,31.238909
"2049",-100.5296115,30.9234947
"2050",-100.8903099,32.6937844
"2051",-99.2785583,32.8242297
"2052",-94.1513764,31.8343021
"2053",-101.9804613,36.2643429
"2054",-95.3102505,32.3352505
"2055",-97.7416703,32.2547696
"2056",-98.7481167,26.6215167
"2057",-98.8400144,32.7399935
"2058",-101.0711758,31.781493
"2059",-100.1703257,33.1114912
"2060",-100.5296115,30.5598827
"2061",-101.7979613,34.5532757
"2062",-97.3516558,32.7732044
"2063",-99.8124935,32.2455088
"2064",-102.1632718,30.2348611
"2065",-102.3463875,33.0909654
"2066",-99.2785583,33.1814565
"2067",-94.976654,33.2493126
"2068",-100.439656,31.3839017
"2069",-97.6982272,30.2097015
"2070",-95.1432068,31.0687648
"2071",-94.315422,30.7324447
"2072",-94.976654,32.7099747
"2073",-101.9804613,31.3384843
"2074",-99.8124935,29.3342663
"2075",-101.1617356,29.8687682
"2076",-95.8142885,32.4936974
"2077",-97.0068393,28.7712909
"2078",-95.6457951,30.6815394
"2079",-96.0255738,29.9751629
"2080",-103.1279039,31.5395559
"2081",-96.365157,30.2352956
"2082",-99.0128926,27.8174487
"2083",-96.1526985,29.3690932
"2084",-100.3497895,35.3830893
"2085",-98.7481167,33.9309651
"2086",-99.2785583,34.0688089
"2087",-97.6982272,26.4948223
"2088",-97.6982272,30.7591685
"2089",-98.0465185,29.2683783
"2090",-103.0817903,31.76846
"2091",-97.6982272,33.2895861
"2092",-95.3520876,32.8296216
"2093",-102.8975098,33.2114703
"2094",-98.7481167,33.2200087
"2095",-99.1013498,26.9730763
"2096",-99.7232673,28.8801264
"2097",-113.287085,38.3266376
"2098",-113.1918021,41.5380087
"2099",-111.7614661,41.7560026
"2100",-110.6168921,39.6479807
"2101",-109.5211063,40.9053845
"2102",-112.0953297,40.9628845
"2103",-110.5215459,40.2172448
"2104",-110.7122465,39.0738385
"2105",-111.2845025,37.8400344
"2106",-109.5613343,39.0086287
"2107",-113.1918021,37.7854715
"2108",-112.7152125,39.7108104
"2109",-112.4291464,37.293251
"2110",-113.1918021,39.0611744
"2111",-111.6183755,41.0576176
"2112",-112.1430215,38.3997408
"2113",-111.1891151,41.5629707
"2114",-111.9522491,40.644188
"2115",-109.7591675,37.4634157
"2116",-111.5706786,39.3090085
"2117",-111.6660725,38.7333524
"2118",-110.9983515,40.8297566
"2119",-113.0011989,40.507092
"2120",-109.3783206,40.1069499
"2121",-111.5706786,40.0966287
"2122",-110.9983515,40.3629418
"2123",-113.4776098,37.3224877
"2124",-110.8076084,38.3337024
"2125",-111.9522491,41.2602635
"2126",-75.8069082,37.7063323
"2127",-78.6114999,38.0567092
"2128",-80.0534923,37.8531975
"2129",-77.973865,37.3212714
"2130",-79.1096901,37.5588285
"2131",-78.792953,37.402489
"2132",-77.0909809,38.8816208
"2133",-79.2451149,38.2004562
"2134",-79.6502105,38.111733
"2135",-79.4703885,37.2538794
"2136",-81.1196075,37.0924986
"2137",-79.7848422,37.5774613
"2138",-77.8367282,36.7570589
"2139",-81.9971108,37.2403134
"2140",-78.5660852,37.507008
"2141",-79.1096901,37.221014
"2142",-77.2864879,38.0445557
"2143",-80.7214417,36.6778699
"2144",-77.1485163,37.4018216
"2145",-78.6114999,37.0467412
"2146",-77.6077865,37.3673217
"2147",-77.973865,39.1516583
"2148",-80.2321313,37.4465895
"2149",-77.973865,38.491821
"2150",-78.2476146,37.5175385
"2151",-82.345189,37.0929465
"2152",-77.6536125,37.0769043
"2153",-76.964306,37.9671684
"2154",-77.2405153,38.9085472
"2155",-77.7909776,38.7208787
"2156",-80.3213106,36.9446308
"2157",-78.2476146,37.8532863
"2158",-79.8296743,36.9458815
"2159",-78.2601024,39.2096441
"2160",-80.6770787,37.3132885
"2161",-76.5025742,37.4128281
"2162",-77.973865,37.7415997
"2163",-81.2078164,36.6721195
"2164",-78.4524591,38.3120359
"2165",-77.6077865,36.6056886
"2166",-78.9288242,36.6945049
"2167",-77.5160788,37.7772071
"2168",-77.3324425,37.5059332
"2169",-79.9640339,36.6588867
"2170",-79.6052884,38.3999743
"2171",-76.6874701,36.9288915
"2172",-76.8028933,37.3002132
"2173",-76.8951551,37.7298568
"2174",-77.1485163,38.2372863
"2175",-77.1485163,37.7372121
"2176",-76.5025742,37.7475945
"2177",-83.0361376,36.7075931
"2178",-77.6536125,39.076767
"2179",-77.973865,37.9925909
"2180",-78.2476146,36.9261435
"2181",-78.2476146,38.436934
"2182",-76.317414,37.3912302
"2183",-78.3842227,36.6421724
"2184",-76.5257007,37.6040106
"2185",-80.4103957,37.2070304
"2186",-78.8835548,37.7478599
"2187",-76.964306,37.4653757
"2188",-75.9927652,37.226762
"2189",-76.4100267,37.9035732
"2190",-78.0195387,37.1148487
"2191",-77.973865,38.2426674
"2192",-78.52065,38.6301331
"2193",-80.3213106,36.6886252
"2194",-79.4703885,36.7440186
"2195",-77.8824596,37.5643209
"2196",-78.4297187,37.1982888
"2197",-77.2405153,37.1593052
"2198",-77.6077865,38.7838939
"2199",-80.6770787,37.0583986
"2200",-78.1564432,38.6762327
"2201",-76.7105632,37.9175609
"2202",-80.1205256,37.2467123
"2203",-79.5153773,37.8062214
"2204",-78.8835548,38.5825919
"2205",-82.0842901,36.9904385
"2206",-82.605118,36.6815794
"2207",-78.5660852,38.8413778
"2208",-81.5596427,36.8687921
"2209",-77.1024902,36.6788512
"2210",-77.6077865,38.204165
"2211",-77.4242972,38.4334566
"2212",-76.8720961,37.1185515
"2213",-77.2405153,36.9058167
"2214",-81.5596427,37.124747
"2215",-78.2476146,38.9331749
"2216",-81.9534815,36.7678354
"2217",-76.7798172,38.112732
"2218",-82.605118,37.0240877
"2219",-81.0848477,36.9484414
"2220",-76.3868797,37.2103925
"2221",-80.0087746,39.1398692
"2222",-78.0651931,39.4885604
"2223",-81.734942,37.9838605
"2224",-80.7214417,38.7023371
"2225",-80.5660657,40.2697757
"2226",-82.2583297,38.4391927
"2227",-81.1196075,38.857973
"2228",-81.1196075,38.4417717
"2229",-80.6770787,39.2367791
"2230",-81.0754657,38.0615913
"2231",-80.8543847,38.9203312
"2232",-79.1548533,39.1042079
"2233",-80.543845,38.0198478
"2234",-78.5660852,39.3349019
"2235",-80.5660657,40.5123559
"2236",-78.9288242,39.0416116
"2237",-80.365865,39.3348126
"2238",-81.647344,38.8139943
"2239",-77.8824596,39.3059841
"2240",-81.4278984,38.2556905
"2241",-80.543845,39.0196167
"2242",-82.0842901,38.1761009
"2243",-81.9534815,37.7883016
"2244",-81.647344,37.3860467
"2245",-80.2321313,39.5288627
"2246",-80.6770787,39.8926818
"2247",-81.9971108,38.7553693
"2248",-81.1196075,37.4322638
"2249",-78.8835548,39.4068988
"2250",-82.1713632,37.7607801
"2251",-79.9640339,39.6695849
"2252",-80.5882803,37.5601958
"2253",-78.2476146,39.5073361
"2254",-80.7657804,38.3307714
"2255",-80.610489,40.1111311
"2256",-79.2902133,38.7451767
"2257",-81.1416691,39.3761707
"2258",-80.0087746,38.3101706
"2259",-79.6951103,39.5641007
"2260",-81.909826,38.4991939
"2261",-81.2518833,37.7381597
"2262",-80.0087746,38.8092552
"2263",-81.0312989,39.1822303
"2264",-81.4278984,38.7564882
"2265",-80.8543847,37.5812062
"2266",-79.9640339,39.3417635
"2267",-79.6502105,39.1083806
"2268",-80.8543847,39.4977025
"2269",-80.2321313,38.8696797
"2270",-82.4752757,38.1598501
"2271",-80.365865,38.5070383
"2272",-80.6770787,39.5655978
"2273",-81.3839326,39.0436093
"2274",-81.4718387,39.2154345
"2275",-81.5596427,37.6339466
"2276",-89.7755338,44.0196955
"2277",-90.4824892,46.9794969
"2278",-91.776948,45.3607574
"2279",-91.1222007,46.6650481
"2280",-87.9334803,44.4561674
"2281",-91.7538817,44.3102354
"2282",-92.2888131,45.8051186
"2283",-88.2461183,44.1586082
"2284",-91.2924666,45.0673752
"2285",-90.7532809,44.8480735
"2286",-89.3226954,43.4046632
"2287",-90.8294002,43.2491547
"2288",-89.5497632,43.0186073
"2289",-88.7108964,43.3994215
"2290",-87.3770488,44.8341302
"2291",-91.7576889,46.3490012
"2292",-91.9099238,44.909416
"2293",-91.2891036,44.7683909
"2294",-88.3547524,45.8161658
"2295",-88.2461183,43.7008379
"2296",-88.8375807,45.6704497
"2297",-90.6773046,42.9397015
"2298",-89.6251646,42.6287336
"2299",-89.0179332,43.863117
"2300",-90.0746767,42.9416737
"2301",-90.2347734,46.2855114
"2302",-90.8294002,44.3206549
"2303",-88.7108964,43.089927
"2304",-90.0746767,43.8672979
"2305",-87.658113,42.5663156
"2306",-87.3810727,44.5202599
"2307",-91.135302,43.8617023
"2308",-90.0746767,42.6293203
"2309",-89.0102133,45.220083
"2310",-89.7725799,45.3743102
"2311",-87.460397,44.1438879
"2312",-89.8505012,44.850452
"2313",-88.0649606,45.3581961
"2314",-89.3226954,43.865322
"2315",-88.6507943,44.8857792
"2316",-87.9065334,43.0387949
"2317",-90.7532809,43.9412045
"2318",-88.0118473,44.8332991
"2319",-89.4616564,45.6750801
"2320",-88.4016041,44.4636545
"2321",-87.6186379,43.3819496
"2322",-92.027319,44.6451183
"2323",-92.3813621,44.7508921
"2324",-92.3388439,45.4259345
"2325",-89.4742177,44.4735957
"2326",-90.4622144,45.7511666
"2327",-87.6186379,42.761082
"2328",-90.3748354,43.4060497
"2329",-89.0179332,42.6251506
"2330",-91.1563029,45.5193649
"2331",-92.3875695,45.0497844
"2332",-89.9253233,43.4066375
"2333",-91.1685886,45.8220169
"2334",-88.7108964,44.7683909
"2335",-87.6186379,43.6895227
"2336",-90.529916,45.2231325
"2337",-91.366216,44.2397592
"2338",-90.8294002,43.5576968
"2339",-89.4559162,45.9787939
"2340",-88.556531,42.6202834
"2341",-91.8148946,45.9657186
"2342",-88.2461183,43.3932586
"2343",-88.3239309,43.0072599
"2344",-89.0179332,44.4705941
"2345",-89.2086773,44.1313128
"2346",-88.7108964,44.0126679
"2347",-90.0746767,44.4747774
"2348",-105.5943388,41.638448
"2349",-108.0941121,44.6036387
"2350",-105.4489183,44.3956107
"2351",-106.912251,41.6032207
"2352",-105.4068079,43.0489425
"2353",-104.6915298,44.4975617
"2354",-108.6175626,43.0119968
"2355",-104.3791912,42.0334428
"2356",-108.326784,43.658734
"2357",-106.4272801,43.9557212
"2358",-104.8454619,41.4269559
"2359",-110.5215459,42.0703294
"2360",-106.912251,42.8313837
"2361",-104.4723301,43.0212373
"2362",-109.4579855,44.6782103
"2363",-104.8454619,42.0505555
"2364",-106.925973,44.787904
"2365",-109.7591675,42.8138723
"2366",-109.1880047,41.8519395
"2367",-110.6314491,43.853632
"2368",-110.6168921,41.2107397
"2369",-107.7037626,43.8347829
"2370",-104.4723301,43.9270224
